"Category","Name","RelativePath","IsEmpty"
"Anime","[Oshi no Ko]","Anime\[Oshi no Ko]","True"
"Anime","3-gatsu no Lion","Anime\3-gatsu no Lion","True"
"Anime","5-toubun no Hanayome ∬","Anime\5-toubun no Hanayome ∬","True"
"Anime","5-toubun no Hanayome Movie","Anime\5-toubun no Hanayome Movie","True"
"Anime","5-toubun no Hanayome∽","Anime\5-toubun no Hanayome∽","True"
"Anime","86","Anime\86","True"
"Anime","91 Days","Anime\91 Days","True"
"Anime","Aggressive Retsuko (ONA) 2nd Season","Anime\Aggressive Retsuko (ONA) 2nd Season","True"
"Anime","Aggressive Retsuko (ONA) 3rd Season","Anime\Aggressive Retsuko (ONA) 3rd Season","True"
"Anime","Aikatsu Stars!","Anime\Aikatsu Stars!","True"
"Anime","Aikatsu! 10th Story_ Mirai e no Starway (2023)","Anime\Aikatsu! 10th Story_ Mirai e no Starway (2023)","True"
"Anime","Aishang Ta de Liyou","Anime\Aishang Ta de Liyou","True"
"Anime","Aishang Ta de Liyou Extra","Anime\Aishang Ta de Liyou Extra","True"
"Anime","Akachan to Boku","Anime\Akachan to Boku","True"
"Anime","Akagami no Shirayuki-hime","Anime\Akagami no Shirayuki-hime","True"
"Anime","Akagami no Shirayuki-hime_ Nandemonai Takaramono, Kono Page","Anime\Akagami no Shirayuki-hime_ Nandemonai Takaramono, Kono Page","True"
"Anime","Akage no Anne","Anime\Akage no Anne","True"
"Anime","Akame ga Kill!","Anime\Akame ga Kill!","True"
"Anime","Akane-banashi","Anime\Akane-banashi","True"
"Anime","Akatsuki no Yona","Anime\Akatsuki no Yona","True"
"Anime","Akatsuki no Yona OVA","Anime\Akatsuki no Yona OVA","True"
"Anime","Akira","Anime\Akira","True"
"Anime","Angel Beats!","Anime\Angel Beats!","True"
"Anime","Ani ni Tsukeru Kusuri wa Nai! 2","Anime\Ani ni Tsukeru Kusuri wa Nai! 2","True"
"Anime","Anne Shirley","Anime\Anne Shirley","True"
"Anime","Ano Hi Mita Hana no Namae wo Bokutachi wa Mada Shiranai. Movie","Anime\Ano Hi Mita Hana no Namae wo Bokutachi wa Mada Shiranai. Movie","True"
"Anime","Anohana_ The Flower We Saw That Day","Anime\Anohana_ The Flower We Saw That Day","True"
"Anime","Ao Ashi","Anime\Ao Ashi","True"
"Anime","Ao no Exorcist_ Yosuga-hen","Anime\Ao no Exorcist_ Yosuga-hen","True"
"Anime","Ao no Hako","Anime\Ao no Hako","True"
"Anime","Aoki Hagane no Arpeggio_ Ars Nova Movie 2 - Cadenza","Anime\Aoki Hagane no Arpeggio_ Ars Nova Movie 2 - Cadenza","True"
"Anime","Apocalypse Hotel","Anime\Apocalypse Hotel","True"
"Anime","Arakawa Under the Bridge x Bridge","Anime\Arakawa Under the Bridge x Bridge","True"
"Anime","Aria the Animation","Anime\Aria the Animation","True"
"Anime","Aria the Avvenire","Anime\Aria the Avvenire","True"
"Anime","Aria the Benedizione","Anime\Aria the Benedizione","True"
"Anime","Aria the Crepuscolo","Anime\Aria the Crepuscolo","True"
"Anime","Aria the Natural","Anime\Aria the Natural","True"
"Anime","Aria the Origination","Anime\Aria the Origination","True"
"Anime","Aria the Origination_ Sono Choppiri Himitsu no Basho ni","Anime\Aria the Origination_ Sono Choppiri Himitsu no Basho ni","True"
"Anime","Aria the OVA_ Arietta","Anime\Aria the OVA_ Arietta","True"
"Anime","Arknights_ Rise from Ember","Anime\Arknights_ Rise from Ember","True"
"Anime","Ashita no Joe","Anime\Ashita no Joe","True"
"Anime","Ashita no Joe 2","Anime\Ashita no Joe 2","True"
"Anime","Asobi Asobase","Anime\Asobi Asobase","True"
"Anime","Assassination Classroom","Anime\Assassination Classroom","True"
"Anime","Atarashii Joushi wa Do Tennen","Anime\Atarashii Joushi wa Do Tennen","True"
"Anime","Attack on Titan","Anime\Attack on Titan","True"
"Anime","Azumanga Daiou The Animation","Anime\Azumanga Daiou The Animation","True"
"Anime","Baby Steps","Anime\Baby Steps","True"
"Anime","Baccano!","Anime\Baccano!","True"
"Anime","Baccano! Specials","Anime\Baccano! Specials","True"
"Anime","Bai Yao Pu_ Jingshi Pian","Anime\Bai Yao Pu_ Jingshi Pian","True"
"Anime","Bakemono no Ko","Anime\Bakemono no Ko","True"
"Anime","Bakemonogatari","Anime\Bakemonogatari","True"
"Anime","Bakuman","Anime\Bakuman","True"
"Anime","Bakuten!! Movie","Anime\Bakuten!! Movie","True"
"Anime","Ballroom e Youkoso","Anime\Ballroom e Youkoso","True"
"Anime","Banana Fish","Anime\Banana Fish","True"
"Anime","BanG Dream! 3rd Season","Anime\BanG Dream! 3rd Season","True"
"Anime","BanG Dream! 5th Anniversary Animation_ CiRCLE Thanks Party!","Anime\BanG Dream! 5th Anniversary Animation_ CiRCLE Thanks Party!","True"
"Anime","BanG Dream! Ave Mujica","Anime\BanG Dream! Ave Mujica","True"
"Anime","BanG Dream! Film Live","Anime\BanG Dream! Film Live","True"
"Anime","BanG Dream! Film Live 2nd Stage","Anime\BanG Dream! Film Live 2nd Stage","True"
"Anime","BanG Dream! Garupa☆Pico","Anime\BanG Dream! Garupa☆Pico","True"
"Anime","BanG Dream! Garupa☆Pico Fever!","Anime\BanG Dream! Garupa☆Pico Fever!","True"
"Anime","BanG Dream! Garupa☆Pico_ Oomori","Anime\BanG Dream! Garupa☆Pico_ Oomori","True"
"Anime","BanG Dream! It's MyGO!!!!!","Anime\BanG Dream! It's MyGO!!!!!","True"
"Anime","BanG Dream! It's MyGO!!!!! Movie","Anime\BanG Dream! It's MyGO!!!!! Movie","True"
"Anime","BanG Dream! Movie_ Episode of Roselia - I_ Yakusoku","Anime\BanG Dream! Movie_ Episode of Roselia - I_ Yakusoku","True"
"Anime","BanG Dream! Movie_ Episode of Roselia - II_ Song I Am","Anime\BanG Dream! Movie_ Episode of Roselia - II_ Song I Am","True"
"Anime","BanG Dream! Movie_ Poppin' Dream!","Anime\BanG Dream! Movie_ Poppin' Dream!","True"
"Anime","Barakamon","Anime\Barakamon","True"
"Anime","Beastars","Anime\Beastars","True"
"Anime","Beck","Anime\Beck","True"
"Anime","Beelzebub","Anime\Beelzebub","True"
"Anime","Benghuai_ Xing Qiong Tiedao - Gelamo de Yujin","Anime\Benghuai_ Xing Qiong Tiedao - Gelamo de Yujin","True"
"Anime","Berserk","Anime\Berserk","True"
"Anime","Berserk_ Ougon Jidai-hen - Memorial Edition","Anime\Berserk_ Ougon Jidai-hen - Memorial Edition","True"
"Anime","Berserk_ Ougon Jidai-hen I - Haou no Tamago","Anime\Berserk_ Ougon Jidai-hen I - Haou no Tamago","True"
"Anime","Berserk_ Ougon Jidai-hen II - Doldrey Kouryaku","Anime\Berserk_ Ougon Jidai-hen II - Doldrey Kouryaku","True"
"Anime","Berserk_ Ougon Jidai-hen III - Kourin","Anime\Berserk_ Ougon Jidai-hen III - Kourin","True"
"Anime","Bishoujo Senshi Sailor Moon","Anime\Bishoujo Senshi Sailor Moon","True"
"Anime","Bishoujo Senshi Sailor Moon Cosmos Movie","Anime\Bishoujo Senshi Sailor Moon Cosmos Movie","True"
"Anime","Bishoujo Senshi Sailor Moon Crystal Season III","Anime\Bishoujo Senshi Sailor Moon Crystal Season III","True"
"Anime","Bishoujo Senshi Sailor Moon Eternal Movie 2","Anime\Bishoujo Senshi Sailor Moon Eternal Movie 2","True"
"Anime","Bishoujo Senshi Sailor Moon R","Anime\Bishoujo Senshi Sailor Moon R","True"
"Anime","Bishoujo Senshi Sailor Moon R_ The Movie","Anime\Bishoujo Senshi Sailor Moon R_ The Movie","True"
"Anime","Bishoujo Senshi Sailor Moon S","Anime\Bishoujo Senshi Sailor Moon S","True"
"Anime","Bishoujo Senshi Sailor Moon S_ Kaguya-hime no Koibito","Anime\Bishoujo Senshi Sailor Moon S_ Kaguya-hime no Koibito","True"
"Anime","Bishoujo Senshi Sailor Moon_ Sailor Stars","Anime\Bishoujo Senshi Sailor Moon_ Sailor Stars","True"
"Anime","Black Clover","Anime\Black Clover","True"
"Anime","Black Clover_ Mahou Tei no Ken","Anime\Black Clover_ Mahou Tei no Ken","True"
"Anime","Black Jack","Anime\Black Jack","True"
"Anime","Black Lagoon","Anime\Black Lagoon","True"
"Anime","Black Lagoon_ Roberta's Blood Trail","Anime\Black Lagoon_ Roberta's Blood Trail","True"
"Anime","Black Lagoon_ The Second Barrage","Anime\Black Lagoon_ The Second Barrage","True"
"Anime","Bleach","Anime\Bleach","True"
"Anime","Blue Giant","Anime\Blue Giant","True"
"Anime","Blue Lock","Anime\Blue Lock","True"
"Anime","Blue Period","Anime\Blue Period","True"
"Anime","Bocchi the Rock!","Anime\Bocchi the Rock!","True"
"Anime","Bocchi the Rock! Movie","Anime\Bocchi the Rock! Movie","True"
"Anime","Boku no Hero Academia the Movie 2_ Heroes_Rising","Anime\Boku no Hero Academia the Movie 2_ Heroes_Rising","True"
"Anime","Boku no Hero Academia_ More","Anime\Boku no Hero Academia_ More","True"
"Anime","Boku no Kokoro no Yabai Yatsu","Anime\Boku no Kokoro no Yabai Yatsu","True"
"Anime","Boku no Kokoro no Yabai Yatsu Movie","Anime\Boku no Kokoro no Yabai Yatsu Movie","True"
"Anime","Boruto_ Naruto Next Generations","Anime\Boruto_ Naruto Next Generations","True"
"Anime","Break Blade Movie 2_ Ketsubetsu no Michi","Anime\Break Blade Movie 2_ Ketsubetsu no Michi","True"
"Anime","Break Blade Movie 3_ Kyoujin no Ato","Anime\Break Blade Movie 3_ Kyoujin no Ato","True"
"Anime","Break Blade Movie 4_ Sanka no Chi","Anime\Break Blade Movie 4_ Sanka no Chi","True"
"Anime","Break Blade Movie 5_ Shisen no Hate","Anime\Break Blade Movie 5_ Shisen no Hate","True"
"Anime","Buddy Daddies","Anime\Buddy Daddies","True"
"Anime","Bungou Stray Dogs","Anime\Bungou Stray Dogs","True"
"Anime","Bungou Stray Dogs Wan!","Anime\Bungou Stray Dogs Wan!","True"
"Anime","Bungou Stray Dogs_ Dead Apple","Anime\Bungou Stray Dogs_ Dead Apple","True"
"Anime","Cang Yuan Tu","Anime\Cang Yuan Tu","True"
"Anime","Cang Yuan Tu 2","Anime\Cang Yuan Tu 2","True"
"Anime","Capeta","Anime\Capeta","True"
"Anime","Cardcaptor Sakura","Anime\Cardcaptor Sakura","True"
"Anime","Cardcaptor Sakura Movie 2_ Fuuin Sareta Card","Anime\Cardcaptor Sakura Movie 2_ Fuuin Sareta Card","True"
"Anime","Cardcaptor Sakura_ Clear Card-hen Prologue - Sakura to Futatsu no Kuma","Anime\Cardcaptor Sakura_ Clear Card-hen Prologue - Sakura to Futatsu no Kuma","True"
"Anime","Carnival Phantasm","Anime\Carnival Phantasm","True"
"Anime","Carole & Tuesday","Anime\Carole & Tuesday","True"
"Anime","Chainsaw Man","Anime\Chainsaw Man","True"
"Anime","Chainsaw Man Movie_ Reze-hen","Anime\Chainsaw Man Movie_ Reze-hen","True"
"Anime","Chainsaw Man Recap","Anime\Chainsaw Man Recap","True"
"Anime","Change!! Getter Robo_ Sekai Saigo no Hi","Anime\Change!! Getter Robo_ Sekai Saigo no Hi","True"
"Anime","Charlotte","Anime\Charlotte","True"
"Anime","Cheng He Titong","Anime\Cheng He Titong","True"
"Anime","Chi. Chikyuu no Undou ni Tsuite","Anime\Chi. Chikyuu no Undou ni Tsuite","True"
"Anime","Chibi Maruko-chan","Anime\Chibi Maruko-chan","True"
"Anime","Chihayafuru","Anime\Chihayafuru","True"
"Anime","Chihayafuru 2","Anime\Chihayafuru 2","True"
"Anime","Chihayafuru 3","Anime\Chihayafuru 3","True"
"Anime","Chiikawa","Anime\Chiikawa","True"
"Anime","Chiikawa Movie_ Ningyo no Shima no Himitsu","Anime\Chiikawa Movie_ Ningyo no Shima no Himitsu","True"
"Anime","Chi's Sweet Home_ Atarashii Ouchi","Anime\Chi's Sweet Home_ Atarashii Ouchi","True"
"Anime","Chou Kaguya-hime!","Anime\Chou Kaguya-hime!","True"
"Anime","Chuan Shu Zijiu Zhinan","Anime\Chuan Shu Zijiu Zhinan","True"
"Anime","Chuunibyou demo Koi ga Shitai!","Anime\Chuunibyou demo Koi ga Shitai!","True"
"Anime","Chuunibyou demo Koi ga Shitai! Movie_ Take On Me","Anime\Chuunibyou demo Koi ga Shitai! Movie_ Take On Me","True"
"Anime","Cike Wu Liuqi","Anime\Cike Wu Liuqi","True"
"Anime","City Hunter","Anime\City Hunter","True"
"Anime","City Hunter 2","Anime\City Hunter 2","True"
"Anime","City Hunter 3","Anime\City Hunter 3","True"
"Anime","City Hunter '91","Anime\City Hunter '91","True"
"Anime","City The Animation","Anime\City The Animation","True"
"Anime","Clannad","Anime\Clannad","True"
"Anime","Clannad_ After Story","Anime\Clannad_ After Story","True"
"Anime","Clannad_ After Story - Mou Hitotsu no Sekai, Kyou-hen","Anime\Clannad_ After Story - Mou Hitotsu no Sekai, Kyou-hen","True"
"Anime","Clannad_ Mou Hitotsu no Sekai, Tomoyo-hen","Anime\Clannad_ Mou Hitotsu no Sekai, Tomoyo-hen","True"
"Anime","Class de 2-banme ni Kawaii Onnanoko to Tomodachi ni Natta","Anime\Class de 2-banme ni Kawaii Onnanoko to Tomodachi ni Natta","True"
"Anime","Claymore","Anime\Claymore","True"
"Anime","Clevatess II_ Majuu no Ou to Itsuwari no Yuusha Denshou","Anime\Clevatess II_ Majuu no Ou to Itsuwari no Yuusha Denshou","True"
"Anime","Clevatess_ Majuu no Ou to Akago to Shikabane no Yuusha","Anime\Clevatess_ Majuu no Ou to Akago to Shikabane no Yuusha","True"
"Anime","Code Geass","Anime\Code Geass","True"
"Anime","Code Geass_ Fukkatsu no Lelouch","Anime\Code Geass_ Fukkatsu no Lelouch","True"
"Anime","Code Geass_ Hangyaku no Lelouch I - Koudou","Anime\Code Geass_ Hangyaku no Lelouch I - Koudou","True"
"Anime","Code Geass_ Hangyaku no Lelouch III - Oudou","Anime\Code Geass_ Hangyaku no Lelouch III - Oudou","True"
"Anime","Code Geass_ Hangyaku no Lelouch R2 Special Edition - Zero Requiem","Anime\Code Geass_ Hangyaku no Lelouch R2 Special Edition - Zero Requiem","True"
"Anime","Colorful (Movie)","Anime\Colorful (Movie)","True"
"Anime","Cool Doji Danshi","Anime\Cool Doji Danshi","True"
"Anime","Coquelicot-zaka kara","Anime\Coquelicot-zaka kara","True"
"Anime","Cowboy Bebop","Anime\Cowboy Bebop","True"
"Anime","Cowboy Bebop_ Tengoku no Tobira","Anime\Cowboy Bebop_ Tengoku no Tobira","True"
"Anime","Crayon Shin-chan","Anime\Crayon Shin-chan","True"
"Anime","Crayon Shin-chan Movie 09_ Arashi wo Yobu Mouretsu! Otona Teikoku no Gyakushuu","Anime\Crayon Shin-chan Movie 09_ Arashi wo Yobu Mouretsu! Otona Teikoku no Gyakushuu","True"
"Anime","Cross Game","Anime\Cross Game","True"
"Anime","Cyberpunk_ Edgerunners","Anime\Cyberpunk_ Edgerunners","True"
"Anime","D.Gray-man","Anime\D.Gray-man","True"
"Anime","Da Zhuzai_ Nian Fan","Anime\Da Zhuzai_ Nian Fan","True"
"Anime","Daicon Opening Animations","Anime\Daicon Opening Animations","True"
"Anime","Dance Dance Danseur","Anime\Dance Dance Danseur","True"
"Anime","Dandadan","Anime\Dandadan","True"
"Anime","Danshi Koukousei no Nichijou","Anime\Danshi Koukousei no Nichijou","True"
"Anime","Danshi Koukousei no Nichijou Specials","Anime\Danshi Koukousei no Nichijou Specials","True"
"Anime","Dark Gathering","Anime\Dark Gathering","True"
"Anime","Darker than Black_ Kuro no Keiyakusha","Anime\Darker than Black_ Kuro no Keiyakusha","True"
"Anime","Darker than Black_ Kuro no Keiyakusha Gaiden","Anime\Darker than Black_ Kuro no Keiyakusha Gaiden","True"
"Anime","Date A Live II_ Kurumi Star Festival","Anime\Date A Live II_ Kurumi Star Festival","True"
"Anime","Date A Live IV","Anime\Date A Live IV","True"
"Anime","Date A Live V","Anime\Date A Live V","True"
"Anime","Dead Dead Demons Dededede Destruction (ONA)","Anime\Dead Dead Demons Dededede Destruction (ONA)","True"
"Anime","Death Billiards","Anime\Death Billiards","True"
"Anime","Death Note","Anime\Death Note","True"
"Anime","Death Note_ Rewrite","Anime\Death Note_ Rewrite","True"
"Anime","Death Parade","Anime\Death Parade","True"
"Anime","Demon Slayer_ Kimetsu no Yaiba","Anime\Demon Slayer_ Kimetsu no Yaiba","True"
"Anime","Dennou Coil","Anime\Dennou Coil","True"
"Anime","Densetsu Kyojin Ideon_ Hatsudou-hen","Anime\Densetsu Kyojin Ideon_ Hatsudou-hen","True"
"Anime","Detective Conan","Anime\Detective Conan","True"
"Anime","Detroit Metal City","Anime\Detroit Metal City","True"
"Anime","Devilman_ Crybaby","Anime\Devilman_ Crybaby","True"
"Anime","Diamond no Ace","Anime\Diamond no Ace","True"
"Anime","Diamond no Ace_ Act II","Anime\Diamond no Ace_ Act II","True"
"Anime","Digimon Adventure","Anime\Digimon Adventure","True"
"Anime","Digimon Adventure_ Bokura no War Game!","Anime\Digimon Adventure_ Bokura no War Game!","True"
"Anime","Digimon Adventure_ Last Evolution Kizuna","Anime\Digimon Adventure_ Last Evolution Kizuna","True"
"Anime","Doraemon (1979)","Anime\Doraemon (1979)","True"
"Anime","Doraemon (2005)","Anime\Doraemon (2005)","True"
"Anime","Doraemon Movie 27_ Nobita no Shin Makai Daibouken - 7-nin no Mahoutsukai","Anime\Doraemon Movie 27_ Nobita no Shin Makai Daibouken - 7-nin no Mahoutsukai","True"
"Anime","Doraemon Movie 31_ Shin Nobita to Tetsujin Heidan - Habatake Tenshi-tachi","Anime\Doraemon Movie 31_ Shin Nobita to Tetsujin Heidan - Habatake Tenshi-tachi","True"
"Anime","Doraemon Movie 44_ Nobita no E Sekai Monogatari","Anime\Doraemon Movie 44_ Nobita no E Sekai Monogatari","True"
"Anime","Dorohedoro","Anime\Dorohedoro","True"
"Anime","Dororo","Anime\Dororo","True"
"Anime","Doukyonin wa Hiza, Tokidoki, Atama no Ue","Anime\Doukyonin wa Hiza, Tokidoki, Atama no Ue","True"
"Anime","Doukyuusei","Anime\Doukyuusei","True"
"Anime","Douluo Dalu","Anime\Douluo Dalu","True"
"Anime","Douluo Dalu II_ Jueshi Tangmen","Anime\Douluo Dalu II_ Jueshi Tangmen","True"
"Anime","Doupo Cangqiong 3rd Season","Anime\Doupo Cangqiong 3rd Season","True"
"Anime","Doupo Cangqiong 4th Season","Anime\Doupo Cangqiong 4th Season","True"
"Anime","Doupo Cangqiong Special 2_ Sha Zhi Lan Ge","Anime\Doupo Cangqiong Special 2_ Sha Zhi Lan Ge","True"
"Anime","Doupo Cangqiong_ Nian Fan","Anime\Doupo Cangqiong_ Nian Fan","True"
"Anime","Doupo Cangqiong_ San Nian Zhi Yue","Anime\Doupo Cangqiong_ San Nian Zhi Yue","True"
"Anime","Dr. Stone","Anime\Dr. Stone","True"
"Anime","Dr. Stone_ New World","Anime\Dr. Stone_ New World","True"
"Anime","Dr. Stone_ Ryuusui","Anime\Dr. Stone_ Ryuusui","True"
"Anime","Dr. Stone_ Science Future","Anime\Dr. Stone_ Science Future","True"
"Anime","Dr. Stone_ Stone Wars","Anime\Dr. Stone_ Stone Wars","True"
"Anime","Dragon Ball","Anime\Dragon Ball","True"
"Anime","Dragon Ball GT","Anime\Dragon Ball GT","True"
"Anime","Dragon Ball Kai","Anime\Dragon Ball Kai","True"
"Anime","Dragon Ball Kai (2014)","Anime\Dragon Ball Kai (2014)","True"
"Anime","Dragon Ball Super","Anime\Dragon Ball Super","True"
"Anime","Dragon Ball Super_ Broly","Anime\Dragon Ball Super_ Broly","True"
"Anime","Dragon Ball Z","Anime\Dragon Ball Z","True"
"Anime","Dragon Ball Z Kai","Anime\Dragon Ball Z Kai","True"
"Anime","Dragon Ball Z Special 2_ Zetsubou e no Hankou!! Nokosareta Chousenshi - Gohan to Trunks","Anime\Dragon Ball Z Special 2_ Zetsubou e no Hankou!! Nokosareta Chousenshi - Gohan to Trunks","True"
"Anime","Dragon Quest_ Dai no Daibouken (2020)","Anime\Dragon Quest_ Dai no Daibouken (2020)","True"
"Anime","Drifters","Anime\Drifters","True"
"Anime","Dungeon Meshi","Anime\Dungeon Meshi","True"
"Anime","Dungeon ni Deai wo Motomeru no wa Machigatteiru Darou ka IV_ Shin Shou - Meikyuu-hen","Anime\Dungeon ni Deai wo Motomeru no wa Machigatteiru Darou ka IV_ Shin Shou - Meikyuu-hen","True"
"Anime","Dungeon ni Deai wo Motomeru no wa Machigatteiru Darou ka IV_ Shin Shou - Yakusai-hen","Anime\Dungeon ni Deai wo Motomeru no wa Machigatteiru Darou ka IV_ Shin Shou - Yakusai-hen","True"
"Anime","Dungeon ni Deai wo Motomeru no wa Machigatteiru Darou ka V_ Houjou no Megami-hen","Anime\Dungeon ni Deai wo Motomeru no wa Machigatteiru Darou ka V_ Houjou no Megami-hen","True"
"Anime","Durarara!!","Anime\Durarara!!","True"
"Anime","Durarara!! Specials","Anime\Durarara!! Specials","True"
"Anime","Durarara!!x2 Ketsu","Anime\Durarara!!x2 Ketsu","True"
"Anime","Durarara!!x2 Shou","Anime\Durarara!!x2 Shou","True"
"Anime","Durarara!!x2 Ten","Anime\Durarara!!x2 Ten","True"
"Anime","Edogawa Conan Shissou Jiken_ Shijou Saiaku no Futsukakan","Anime\Edogawa Conan Shissou Jiken_ Shijou Saiaku no Futsukakan","True"
"Anime","ef_ A Tale of Melodies","Anime\ef_ A Tale of Melodies","True"
"Anime","ef_ A Tale of Memories","Anime\ef_ A Tale of Memories","True"
"Anime","Eiga Daisuki Pompo-san","Anime\Eiga Daisuki Pompo-san","True"
"Anime","Eikoku Koi Monogatari Emma_ Molders-hen","Anime\Eikoku Koi Monogatari Emma_ Molders-hen","True"
"Anime","Eizouken ni wa Te wo Dasu na!","Anime\Eizouken ni wa Te wo Dasu na!","True"
"Anime","Elfen Lied","Anime\Elfen Lied","True"
"Anime","Emiya-san Chi no Kyou no Gohan","Anime\Emiya-san Chi no Kyou no Gohan","True"
"Anime","Enen no Shouboutai","Anime\Enen no Shouboutai","True"
"Anime","Enen no Shouboutai_ Ni no Shou","Anime\Enen no Shouboutai_ Ni no Shou","True"
"Anime","Enen no Shouboutai_ San no Shou","Anime\Enen no Shouboutai_ San no Shou","True"
"Anime","Erased","Anime\Erased","True"
"Anime","Ergo Proxy","Anime\Ergo Proxy","True"
"Anime","Evangelion Movie 1_ Jo","Anime\Evangelion Movie 1_ Jo","True"
"Anime","Evangelion Movie 2_ Ha","Anime\Evangelion Movie 2_ Ha","True"
"Anime","Evangelion_ Housou 30-shuunen Kinen Tokubetsu Kougyou","Anime\Evangelion_ Housou 30-shuunen Kinen Tokubetsu Kougyou","True"
"Anime","Eve no Jikan","Anime\Eve no Jikan","True"
"Anime","Eve no Jikan (Movie)","Anime\Eve no Jikan (Movie)","True"
"Anime","Eyeshield 21","Anime\Eyeshield 21","True"
"Anime","Fairy Tail","Anime\Fairy Tail","True"
"Anime","Fangkai Nage Nuwu","Anime\Fangkai Nage Nuwu","True"
"Anime","Fanren Xiu Xian Zhuan","Anime\Fanren Xiu Xian Zhuan","True"
"Anime","Fanren Xiu Xian Zhuan_ Chongzhi Ban","Anime\Fanren Xiu Xian Zhuan_ Chongzhi Ban","True"
"Anime","Fanren Xiu Xian Zhuan_ Mulan Zhi Zhan","Anime\Fanren Xiu Xian Zhuan_ Mulan Zhi Zhan","True"
"Anime","Fanren Xiu Xian Zhuan_ Xinghai Feichi","Anime\Fanren Xiu Xian Zhuan_ Xinghai Feichi","True"
"Anime","Fanren Xiu Xian Zhuan_ Xinghai Feichi Prologue","Anime\Fanren Xiu Xian Zhuan_ Xinghai Feichi Prologue","True"
"Anime","Fate_Grand Carnival","Anime\Fate_Grand Carnival","True"
"Anime","Fate_Grand Order_ Shuukyoku Tokuiten - Kani Jikan Shinden Solomon","Anime\Fate_Grand Order_ Shuukyoku Tokuiten - Kani Jikan Shinden Solomon","True"
"Anime","Fate_Grand Order_ Zettai Majuu Sensen Babylonia","Anime\Fate_Grand Order_ Zettai Majuu Sensen Babylonia","True"
"Anime","Fate_kaleid liner Prisma☆Illya Movie_ Sekka no Chikai","Anime\Fate_kaleid liner Prisma☆Illya Movie_ Sekka no Chikai","True"
"Anime","Fate_stay night Movie_ Heaven's Feel - I. Presage Flower","Anime\Fate_stay night Movie_ Heaven's Feel - I. Presage Flower","True"
"Anime","Fate_stay night Movie_ Heaven's Feel - II. Lost Butterfly","Anime\Fate_stay night Movie_ Heaven's Feel - II. Lost Butterfly","True"
"Anime","Fate_stay night Movie_ Heaven's Feel - III. Spring Song","Anime\Fate_stay night Movie_ Heaven's Feel - III. Spring Song","True"
"Anime","Fate_stay night_ Unlimited Blade Works","Anime\Fate_stay night_ Unlimited Blade Works","True"
"Anime","Fate_stay night_ Unlimited Blade Works Prologue","Anime\Fate_stay night_ Unlimited Blade Works Prologue","True"
"Anime","Fate_strange Fake","Anime\Fate_strange Fake","True"
"Anime","Fate_strange Fake_ Whispers of Dawn","Anime\Fate_strange Fake_ Whispers of Dawn","True"
"Anime","Fate_Zero","Anime\Fate_Zero","True"
"Anime","Fighting Spirit","Anime\Fighting Spirit","True"
"Anime","Final Fantasy VII_ Advent Children","Anime\Final Fantasy VII_ Advent Children","True"
"Anime","Final Fantasy VII_ Advent Children Complete","Anime\Final Fantasy VII_ Advent Children Complete","True"
"Anime","Flanders no Inu (Movie)","Anime\Flanders no Inu (Movie)","True"
"Anime","FLCL","Anime\FLCL","True"
"Anime","Food Wars_ Shokugeki no Soma","Anime\Food Wars_ Shokugeki no Soma","True"
"Anime","Free! Eternal Summer_ Kindan no All Hard!","Anime\Free! Eternal Summer_ Kindan no All Hard!","True"
"Anime","Free! Movie 3_ Road to the World - Yume","Anime\Free! Movie 3_ Road to the World - Yume","True"
"Anime","Free! Movie 4_ The Final Stroke - Zenpen","Anime\Free! Movie 4_ The Final Stroke - Zenpen","True"
"Anime","Free! Movie 5_ The Final Stroke - Kouhen","Anime\Free! Movie 5_ The Final Stroke - Kouhen","True"
"Anime","Free! Take Your Marks","Anime\Free! Take Your Marks","True"
"Anime","Frieren_ Beyond Journey's End","Anime\Frieren_ Beyond Journey's End","True"
"Anime","Fruits Basket","Anime\Fruits Basket","True"
"Anime","Fruits Basket_ Prelude","Anime\Fruits Basket_ Prelude","True"
"Anime","Fruits Basket_ The Final","Anime\Fruits Basket_ The Final","True"
"Anime","Fujimoto Tatsuki 17-26","Anime\Fujimoto Tatsuki 17-26","True"
"Anime","Full Metal Panic! The Second Raid","Anime\Full Metal Panic! The Second Raid","True"
"Anime","Full Metal Panic_ Fumoffu","Anime\Full Metal Panic_ Fumoffu","True"
"Anime","Full Moon wo Sagashite","Anime\Full Moon wo Sagashite","True"
"Anime","Fullmetal Alchemist","Anime\Fullmetal Alchemist","True"
"Anime","Fullmetal Alchemist_ Brotherhood","Anime\Fullmetal Alchemist_ Brotherhood","True"
"Anime","Fullmetal Alchemist_ Brotherhood Specials","Anime\Fullmetal Alchemist_ Brotherhood Specials","True"
"Anime","Futsutsuka na Akujo dewa Gozaimasu ga_ Suuguu Chouso Torikae Den","Anime\Futsutsuka na Akujo dewa Gozaimasu ga_ Suuguu Chouso Torikae Den","True"
"Anime","Gachiakuta","Anime\Gachiakuta","True"
"Anime","Gake no Ue no Ponyo","Anime\Gake no Ue no Ponyo","True"
"Anime","Gakkou no Kaidan","Anime\Gakkou no Kaidan","True"
"Anime","Gakuen Babysitters","Anime\Gakuen Babysitters","True"
"Anime","Gakuen Babysitters Special","Anime\Gakuen Babysitters Special","True"
"Anime","Ganbare! Nakamura-kun!!","Anime\Ganbare! Nakamura-kun!!","True"
"Anime","Gankutsuou","Anime\Gankutsuou","True"
"Anime","Gate_ Jieitai Kanochi nite, Kaku Tatakaeri Part 2","Anime\Gate_ Jieitai Kanochi nite, Kaku Tatakaeri Part 2","True"
"Anime","Gekkan Shoujo Nozaki-kun","Anime\Gekkan Shoujo Nozaki-kun","True"
"Anime","Gekkan Shoujo Nozaki-kun Specials","Anime\Gekkan Shoujo Nozaki-kun Specials","True"
"Anime","Genshiken 2","Anime\Genshiken 2","True"
"Anime","Ghost Hunt","Anime\Ghost Hunt","True"
"Anime","Ghost in the Shell_ Stand Alone Complex","Anime\Ghost in the Shell_ Stand Alone Complex","True"
"Anime","Giant Robo the Animation_ Chikyuu ga Seishi Suru Hi","Anime\Giant Robo the Animation_ Chikyuu ga Seishi Suru Hi","True"
"Anime","Giji Harem","Anime\Giji Harem","True"
"Anime","Gin no Saji","Anime\Gin no Saji","True"
"Anime","Ginga Eiyuu Densetsu","Anime\Ginga Eiyuu Densetsu","True"
"Anime","Ginga Eiyuu Densetsu Gaiden","Anime\Ginga Eiyuu Densetsu Gaiden","True"
"Anime","Ginga Eiyuu Densetsu Gaiden (1999)","Anime\Ginga Eiyuu Densetsu Gaiden (1999)","True"
"Anime","Ginga Eiyuu Densetsu_ Arata naru Tatakai no Overture","Anime\Ginga Eiyuu Densetsu_ Arata naru Tatakai no Overture","True"
"Anime","Ginga Eiyuu Densetsu_ Die Neue These - Gekitotsu","Anime\Ginga Eiyuu Densetsu_ Die Neue These - Gekitotsu","True"
"Anime","Ginga Eiyuu Densetsu_ Die Neue These - Kaikou","Anime\Ginga Eiyuu Densetsu_ Die Neue These - Kaikou","True"
"Anime","Ginga Eiyuu Densetsu_ Die Neue These - Sakubou","Anime\Ginga Eiyuu Densetsu_ Die Neue These - Sakubou","True"
"Anime","Ginga Eiyuu Densetsu_ Die Neue These - Seiran 1","Anime\Ginga Eiyuu Densetsu_ Die Neue These - Seiran 1","True"
"Anime","Ginga Eiyuu Densetsu_ Die Neue These - Seiran 2","Anime\Ginga Eiyuu Densetsu_ Die Neue These - Seiran 2","True"
"Anime","Ginga Eiyuu Densetsu_ Die Neue These - Seiran 3","Anime\Ginga Eiyuu Densetsu_ Die Neue These - Seiran 3","True"
"Anime","Ginga Eiyuu Densetsu_ Waga Yuku wa Hoshi no Taikai","Anime\Ginga Eiyuu Densetsu_ Waga Yuku wa Hoshi no Taikai","True"
"Anime","Ginga Nagareboshi Gin","Anime\Ginga Nagareboshi Gin","True"
"Anime","Ginga Sengoku Gunyuuden Rai","Anime\Ginga Sengoku Gunyuuden Rai","True"
"Anime","Ginga Tetsudou 999","Anime\Ginga Tetsudou 999","True"
"Anime","Ginga Tokkyuu Milky☆Subway","Anime\Ginga Tokkyuu Milky☆Subway","True"
"Anime","Gintama","Anime\Gintama","True"
"Anime","Gintama [MAL 918]","Anime\Gintama [MAL 918]","True"
"Anime","Gintama Movie 1_ Shinyaku Benizakura-hen","Anime\Gintama Movie 1_ Shinyaku Benizakura-hen","True"
"Anime","Gintama Movie 2_ Kanketsu-hen - Yorozuya yo Eien Nare","Anime\Gintama Movie 2_ Kanketsu-hen - Yorozuya yo Eien Nare","True"
"Anime","Gintama Movie 3_ Yoshiwara Daienjou","Anime\Gintama Movie 3_ Yoshiwara Daienjou","True"
"Anime","Gintama. Porori-hen","Anime\Gintama. Porori-hen","True"
"Anime","Gintama. Shirogane no Tamashii-hen","Anime\Gintama. Shirogane no Tamashii-hen","True"
"Anime","Gintama. Shirogane no Tamashii-hen - Kouhan-sen","Anime\Gintama. Shirogane no Tamashii-hen - Kouhan-sen","True"
"Anime","Gintama_ Dai Hanseikai","Anime\Gintama_ Dai Hanseikai","True"
"Anime","Gintama'_ Enchousen","Anime\Gintama'_ Enchousen","True"
"Anime","Gintama'_ Futon ni Haitte kara Buki Nokoshi ni Kizuite Neru ni Nerenai Toki mo Aru","Anime\Gintama'_ Futon ni Haitte kara Buki Nokoshi ni Kizuite Neru ni Nerenai Toki mo Aru","True"
"Anime","Gintama_ Nanigoto mo Saisho ga Kanjin nanode Tashou Senobisuru Kurai ga Choudoyoi","Anime\Gintama_ Nanigoto mo Saisho ga Kanjin nanode Tashou Senobisuru Kurai ga Choudoyoi","True"
"Anime","Gintama_ Shinyaku Benizakura-hen","Anime\Gintama_ Shinyaku Benizakura-hen","True"
"Anime","Gintama_ Shiroyasha Koutan","Anime\Gintama_ Shiroyasha Koutan","True"
"Anime","Gintama_ The Final","Anime\Gintama_ The Final","True"
"Anime","Gintama_ The Semi-Final","Anime\Gintama_ The Semi-Final","True"
"Anime","Gintama_ Yorinuki Gintama-san on Theater 2D","Anime\Gintama_ Yorinuki Gintama-san on Theater 2D","True"
"Anime","Gintama°_ Aizome Kaori-hen","Anime\Gintama°_ Aizome Kaori-hen","True"
"Anime","Gintama°_ Umai-mono wa Atomawashi ni Suru to Yokodorisareru kara Yappari Saki ni Kue","Anime\Gintama°_ Umai-mono wa Atomawashi ni Suru to Yokodorisareru kara Yappari Saki ni Kue","True"
"Anime","Girls & Panzer Movie","Anime\Girls & Panzer Movie","True"
"Anime","Girls & Panzer_ Kore ga Hontou no Anzio-sen desu!","Anime\Girls & Panzer_ Kore ga Hontou no Anzio-sen desu!","True"
"Anime","Girls & Panzer_ Saishuushou Part 1","Anime\Girls & Panzer_ Saishuushou Part 1","True"
"Anime","Girls & Panzer_ Saishuushou Part 2","Anime\Girls & Panzer_ Saishuushou Part 2","True"
"Anime","Girls & Panzer_ Saishuushou Part 3","Anime\Girls & Panzer_ Saishuushou Part 3","True"
"Anime","Girls & Panzer_ Saishuushou Part 4","Anime\Girls & Panzer_ Saishuushou Part 4","True"
"Anime","Girls Band Cry","Anime\Girls Band Cry","True"
"Anime","Girls Band Cry Movie","Anime\Girls Band Cry Movie","True"
"Anime","Given","Anime\Given","True"
"Anime","Given Movie 1","Anime\Given Movie 1","True"
"Anime","Given Movie 2_ Hiiragi Mix","Anime\Given Movie 2_ Hiiragi Mix","True"
"Anime","Given Movie 2_ Hiiragi Mix Specials","Anime\Given Movie 2_ Hiiragi Mix Specials","True"
"Anime","Given Movie 3_ Umi e","Anime\Given Movie 3_ Umi e","True"
"Anime","Given_ Uragawa no Sonzai","Anime\Given_ Uragawa no Sonzai","True"
"Anime","Glass no Kamen (2005)","Anime\Glass no Kamen (2005)","True"
"Anime","Gnosia","Anime\Gnosia","True"
"Anime","Go! Princess Precure","Anime\Go! Princess Precure","True"
"Anime","Gochuumon wa Usagi desu ka_ Bloom","Anime\Gochuumon wa Usagi desu ka_ Bloom","True"
"Anime","Gochuumon wa Usagi desu ka__","Anime\Gochuumon wa Usagi desu ka__","True"
"Anime","Gochuumon wa Usagi desu ka__ Dear My Sister","Anime\Gochuumon wa Usagi desu ka__ Dear My Sister","True"
"Anime","Gochuumon wa Usagi desu ka__ Sing for You","Anime\Gochuumon wa Usagi desu ka__ Sing for You","True"
"Anime","Gokinjo Monogatari","Anime\Gokinjo Monogatari","True"
"Anime","Goku Sayonara Zetsubou Sensei","Anime\Goku Sayonara Zetsubou Sensei","True"
"Anime","Golden Boy","Anime\Golden Boy","True"
"Anime","Golden Kamuy","Anime\Golden Kamuy","True"
"Anime","Golden Kamuy_ Saishuushou","Anime\Golden Kamuy_ Saishuushou","True"
"Anime","Golden Time","Anime\Golden Time","True"
"Anime","Gosick","Anime\Gosick","True"
"Anime","Grand Blue","Anime\Grand Blue","True"
"Anime","Great Pretender","Anime\Great Pretender","True"
"Anime","Great Teacher Onizuka","Anime\Great Teacher Onizuka","True"
"Anime","Gridman Universe","Anime\Gridman Universe","True"
"Anime","Grisaia no Meikyuu_ Caprice no Mayu 0","Anime\Grisaia no Meikyuu_ Caprice no Mayu 0","True"
"Anime","Grisaia no Rakuen","Anime\Grisaia no Rakuen","True"
"Anime","Guangyin Zhi Wai","Anime\Guangyin Zhi Wai","True"
"Anime","Guangyin Zhi Wai 2","Anime\Guangyin Zhi Wai 2","True"
"Anime","Guimi Zhi Zhu Specials","Anime\Guimi Zhi Zhu Specials","True"
"Anime","Guimi Zhi Zhu_ Xiaochou Pian","Anime\Guimi Zhi Zhu_ Xiaochou Pian","True"
"Anime","Gundam Build Fighters","Anime\Gundam Build Fighters","True"
"Anime","Gungrave","Anime\Gungrave","True"
"Anime","Gurren Lagann","Anime\Gurren Lagann","True"
"Anime","Gyakkyou Burai Kaiji_ Hakairoku-hen","Anime\Gyakkyou Burai Kaiji_ Hakairoku-hen","True"
"Anime","Gyakkyou Burai Kaiji_ Ultimate Survivor","Anime\Gyakkyou Burai Kaiji_ Ultimate Survivor","True"
"Anime","Hachimitsu to Clover","Anime\Hachimitsu to Clover","True"
"Anime","Hachimitsu to Clover II","Anime\Hachimitsu to Clover II","True"
"Anime","Hadashi no Gen","Anime\Hadashi no Gen","True"
"Anime","Haibane Renmei","Anime\Haibane Renmei","True"
"Anime","Haikyu!!","Anime\Haikyu!!","True"
"Anime","Haikyuu!! (OVA)","Anime\Haikyuu!! (OVA)","True"
"Anime","Haikyuu!! Lev Genzan!","Anime\Haikyuu!! Lev Genzan!","True"
"Anime","Haikyuu!! Movie 1_ Owari to Hajimari","Anime\Haikyuu!! Movie 1_ Owari to Hajimari","True"
"Anime","Haikyuu!! Movie 2_ Shousha to Haisha","Anime\Haikyuu!! Movie 2_ Shousha to Haisha","True"
"Anime","Haikyuu!! Movie 3_ Sainou to Sense","Anime\Haikyuu!! Movie 3_ Sainou to Sense","True"
"Anime","Haikyuu!! Movie 4_ Concept no Tatakai","Anime\Haikyuu!! Movie 4_ Concept no Tatakai","True"
"Anime","Haikyuu!! Movie_ Gomisuteba no Kessen","Anime\Haikyuu!! Movie_ Gomisuteba no Kessen","True"
"Anime","Haikyuu!! Riku vs. Kuu","Anime\Haikyuu!! Riku vs. Kuu","True"
"Anime","Haikyuu!! vs. _Akaten_","Anime\Haikyuu!! vs. _Akaten_","True"
"Anime","Hajime no Ippo","Anime\Hajime no Ippo","True"
"Anime","Hajime no Ippo_ Boxer no Kobushi","Anime\Hajime no Ippo_ Boxer no Kobushi","True"
"Anime","Hajime no Ippo_ Champion Road","Anime\Hajime no Ippo_ Champion Road","True"
"Anime","Hajime no Ippo_ Mashiba vs. Kimura","Anime\Hajime no Ippo_ Mashiba vs. Kimura","True"
"Anime","Hajime no Ippo_ New Challenger","Anime\Hajime no Ippo_ New Challenger","True"
"Anime","Hajime no Ippo_ Rising","Anime\Hajime no Ippo_ Rising","True"
"Anime","Hakumei to Mikochi","Anime\Hakumei to Mikochi","True"
"Anime","Hakuouki Movie 2_ Shikon Soukyuu","Anime\Hakuouki Movie 2_ Shikon Soukyuu","True"
"Anime","Hanada Shounen-shi","Anime\Hanada Shounen-shi","True"
"Anime","Hanamonogatari","Anime\Hanamonogatari","True"
"Anime","Hanasakeru Seishounen","Anime\Hanasakeru Seishounen","True"
"Anime","Hanasaku Iroha","Anime\Hanasaku Iroha","True"
"Anime","Hanasaku Iroha Movie_ Home Sweet Home","Anime\Hanasaku Iroha Movie_ Home Sweet Home","True"
"Anime","Hanma Baki_ Son of Ogre 2nd Season","Anime\Hanma Baki_ Son of Ogre 2nd Season","True"
"Anime","Hataraku Maou-sama!","Anime\Hataraku Maou-sama!","True"
"Anime","Heartcatch Precure!","Anime\Heartcatch Precure!","True"
"Anime","Heike Monogatari","Anime\Heike Monogatari","True"
"Anime","Hell's Paradise","Anime\Hell's Paradise","True"
"Anime","Hellsing Ultimate","Anime\Hellsing Ultimate","True"
"Anime","Hibi wa Sugiredo Meshi Umashi","Anime\Hibi wa Sugiredo Meshi Umashi","True"
"Anime","Hibike! Euphonium","Anime\Hibike! Euphonium","True"
"Anime","Hibike! Euphonium 2","Anime\Hibike! Euphonium 2","True"
"Anime","Hibike! Euphonium 3","Anime\Hibike! Euphonium 3","True"
"Anime","Hibike! Euphonium Movie 2_ Todoketai Melody","Anime\Hibike! Euphonium Movie 2_ Todoketai Melody","True"
"Anime","Hibike! Euphonium Movie 3_ Chikai no Finale","Anime\Hibike! Euphonium Movie 3_ Chikai no Finale","True"
"Anime","Hibike! Euphonium_ Ensemble Contest-hen","Anime\Hibike! Euphonium_ Ensemble Contest-hen","True"
"Anime","Hidamari Sketch x ☆☆☆","Anime\Hidamari Sketch x ☆☆☆","True"
"Anime","Hidamari Sketch x ☆☆☆ Specials","Anime\Hidamari Sketch x ☆☆☆ Specials","True"
"Anime","Hidamari Sketch x 365","Anime\Hidamari Sketch x 365","True"
"Anime","Hidamari Sketch x 365 Specials","Anime\Hidamari Sketch x 365 Specials","True"
"Anime","Hidamari Sketch x Honeycomb","Anime\Hidamari Sketch x Honeycomb","True"
"Anime","Hidamari Sketch x SP","Anime\Hidamari Sketch x SP","True"
"Anime","Hidamari Sketch_ Sae Hiro Sotsugyou-hen","Anime\Hidamari Sketch_ Sae Hiro Sotsugyou-hen","True"
"Anime","Higashi no Eden","Anime\Higashi no Eden","True"
"Anime","High Score Girl","Anime\High Score Girl","True"
"Anime","High Score Girl II","Anime\High Score Girl II","True"
"Anime","High Score Girl_ Extra Stage","Anime\High Score Girl_ Extra Stage","True"
"Anime","High☆Speed! Movie_ Free! Starting Days","Anime\High☆Speed! Movie_ Free! Starting Days","True"
"Anime","Higurashi no Naku Koro ni","Anime\Higurashi no Naku Koro ni","True"
"Anime","Higurashi no Naku Koro ni Kai","Anime\Higurashi no Naku Koro ni Kai","True"
"Anime","Hikaru ga Shinda Natsu","Anime\Hikaru ga Shinda Natsu","True"
"Anime","Hikaru no Go","Anime\Hikaru no Go","True"
"Anime","Hikaru no Go_ Hokuto Hai e no Michi","Anime\Hikaru no Go_ Hokuto Hai e no Michi","True"
"Anime","Hinamatsuri","Anime\Hinamatsuri","True"
"Anime","Hokuto no Ken","Anime\Hokuto no Ken","True"
"Anime","Holo no Graffiti","Anime\Holo no Graffiti","True"
"Anime","Honzuki no Gekokujou_ Shisho ni Naru Tame ni wa Shudan wo Erandeiraremasen","Anime\Honzuki no Gekokujou_ Shisho ni Naru Tame ni wa Shudan wo Erandeiraremasen","True"
"Anime","Honzuki no Gekokujou_ Shisho ni Naru Tame ni wa Shudan wo Erandeiraremasen - Ryoushu no Youjo","Anime\Honzuki no Gekokujou_ Shisho ni Naru Tame ni wa Shudan wo Erandeiraremasen - Ryoushu no Youjo","True"
"Anime","Hoozuki no Reitetsu","Anime\Hoozuki no Reitetsu","True"
"Anime","Hoozuki no Reitetsu 2nd Season_ Sono Ni","Anime\Hoozuki no Reitetsu 2nd Season_ Sono Ni","True"
"Anime","Hoozuki no Reitetsu OVA","Anime\Hoozuki no Reitetsu OVA","True"
"Anime","Horimiya","Anime\Horimiya","True"
"Anime","Horimiya_ Piece","Anime\Horimiya_ Piece","True"
"Anime","Hotaru no Haka","Anime\Hotaru no Haka","True"
"Anime","Hotarubi no Mori e","Anime\Hotarubi no Mori e","True"
"Anime","Houseki no Kuni","Anime\Houseki no Kuni","True"
"Anime","Howl no Ugoku Shiro","Anime\Howl no Ugoku Shiro","True"
"Anime","Huangjin Tingyuan_ Dongri Li de Xinnian Yuanwang","Anime\Huangjin Tingyuan_ Dongri Li de Xinnian Yuanwang","True"
"Anime","Hug tto! Precure","Anime\Hug tto! Precure","True"
"Anime","Hug tto! Precure♡Futari wa Precure Movie_ All Stars Memories","Anime\Hug tto! Precure♡Futari wa Precure Movie_ All Stars Memories","True"
"Anime","Hunter x Hunter","Anime\Hunter x Hunter","True"
"Anime","Hunter x Hunter (1999)","Anime\Hunter x Hunter (1999)","True"
"Anime","Hunter x Hunter (2011)","Anime\Hunter x Hunter (2011)","True"
"Anime","Hunter x Hunter_ Greed Island","Anime\Hunter x Hunter_ Greed Island","True"
"Anime","Hunter x Hunter_ Greed Island Final","Anime\Hunter x Hunter_ Greed Island Final","True"
"Anime","Hunter x Hunter_ Original Video Animation","Anime\Hunter x Hunter_ Original Video Animation","True"
"Anime","Hyakuemu","Anime\Hyakuemu","True"
"Anime","Hyouge Mono","Anime\Hyouge Mono","True"
"Anime","Hyouka","Anime\Hyouka","True"
"Anime","I Byeol-e Pil-yohan","Anime\I Byeol-e Pil-yohan","True"
"Anime","Id_Invaded","Anime\Id_Invaded","True"
"Anime","IDOLiSH7","Anime\IDOLiSH7","True"
"Anime","IDOLiSH7 Movie_ LIVE 4bit - BEYOND THE PERiOD","Anime\IDOLiSH7 Movie_ LIVE 4bit - BEYOND THE PERiOD","True"
"Anime","IDOLiSH7 Second Beat!","Anime\IDOLiSH7 Second Beat!","True"
"Anime","IDOLiSH7 Third Beat!","Anime\IDOLiSH7 Third Beat!","True"
"Anime","IDOLiSH7 Vibrato","Anime\IDOLiSH7 Vibrato","True"
"Anime","Ie Naki Ko","Anime\Ie Naki Ko","True"
"Anime","Ie Naki Ko Remy","Anime\Ie Naki Ko Remy","True"
"Anime","Igano Kabamaru","Anime\Igano Kabamaru","True"
"Anime","Ikoku Nikki","Anime\Ikoku Nikki","True"
"Anime","Inazuma Eleven","Anime\Inazuma Eleven","True"
"Anime","Initial D Fifth Stage","Anime\Initial D Fifth Stage","True"
"Anime","Initial D Final Stage","Anime\Initial D Final Stage","True"
"Anime","Initial D First Stage","Anime\Initial D First Stage","True"
"Anime","Initial D Fourth Stage","Anime\Initial D Fourth Stage","True"
"Anime","Initial D Second Stage","Anime\Initial D Second Stage","True"
"Anime","Initial D Third Stage","Anime\Initial D Third Stage","True"
"Anime","Innocence","Anime\Innocence","True"
"Anime","Interstella5555_ The 5tory of The 5ecret 5tar 5ystem","Anime\Interstella5555_ The 5tory of The 5ecret 5tar 5ystem","True"
"Anime","Inu-Ou","Anime\Inu-Ou","True"
"Anime","InuYasha","Anime\InuYasha","True"
"Anime","InuYasha Movie 3_ Tenka Hadou no Ken","Anime\InuYasha Movie 3_ Tenka Hadou no Ken","True"
"Anime","InuYasha_ Kanketsu-hen","Anime\InuYasha_ Kanketsu-hen","True"
"Anime","InuYasha_ Kuroi Tessaiga","Anime\InuYasha_ Kuroi Tessaiga","True"
"Anime","Isekai no Seikishi Monogatari","Anime\Isekai no Seikishi Monogatari","True"
"Anime","Isekai Ojisan","Anime\Isekai Ojisan","True"
"Anime","Isekai Shokudou 2","Anime\Isekai Shokudou 2","True"
"Anime","Jian Lai","Anime\Jian Lai","True"
"Anime","Jibaku Shounen Hanako-kun","Anime\Jibaku Shounen Hanako-kun","True"
"Anime","Jibaku Shounen Hanako-kun 2","Anime\Jibaku Shounen Hanako-kun 2","True"
"Anime","Jigoku Shoujo Futakomori","Anime\Jigoku Shoujo Futakomori","True"
"Anime","Jin-Rou","Anime\Jin-Rou","True"
"Anime","Jinrui wa Suitai Shimashita","Anime\Jinrui wa Suitai Shimashita","True"
"Anime","Jiyi Guanli Ju (2026)","Anime\Jiyi Guanli Ju (2026)","True"
"Anime","JoJo no Kimyou na Bouken (TV)","Anime\JoJo no Kimyou na Bouken (TV)","True"
"Anime","JoJo no Kimyou na Bouken Part 3_ Stardust Crusaders","Anime\JoJo no Kimyou na Bouken Part 3_ Stardust Crusaders","True"
"Anime","JoJo no Kimyou na Bouken Part 3_ Stardust Crusaders - Egypt-hen","Anime\JoJo no Kimyou na Bouken Part 3_ Stardust Crusaders - Egypt-hen","True"
"Anime","JoJo no Kimyou na Bouken Part 4_ Diamond wa Kudakenai","Anime\JoJo no Kimyou na Bouken Part 4_ Diamond wa Kudakenai","True"
"Anime","JoJo no Kimyou na Bouken Part 5_ Ougon no Kaze","Anime\JoJo no Kimyou na Bouken Part 5_ Ougon no Kaze","True"
"Anime","JoJo no Kimyou na Bouken Part 6_ Stone Ocean","Anime\JoJo no Kimyou na Bouken Part 6_ Stone Ocean","True"
"Anime","JoJo no Kimyou na Bouken_ Phantom Blood","Anime\JoJo no Kimyou na Bouken_ Phantom Blood","True"
"Anime","JoJo's Bizarre Adventure","Anime\JoJo's Bizarre Adventure","True"
"Anime","Jormungand","Anime\Jormungand","True"
"Anime","Jormungand_ Perfect Order","Anime\Jormungand_ Perfect Order","True"
"Anime","Josee to Tora to Sakana-tachi","Anime\Josee to Tora to Sakana-tachi","True"
"Anime","Joshikousei no Mudazukai","Anime\Joshikousei no Mudazukai","True"
"Anime","Jujutsu Kaisen","Anime\Jujutsu Kaisen","True"
"Anime","Jujutsu Kaisen 0 Movie","Anime\Jujutsu Kaisen 0 Movie","True"
"Anime","Jujutsu Kaisen 2nd Season Recaps","Anime\Jujutsu Kaisen 2nd Season Recaps","True"
"Anime","Jujutsu Kaisen_ Kaigyoku_Gyokusetsu","Anime\Jujutsu Kaisen_ Kaigyoku_Gyokusetsu","True"
"Anime","Jujutsu Kaisen_ Shimetsu Kaiyuu - Zenpen","Anime\Jujutsu Kaisen_ Shimetsu Kaiyuu - Zenpen","True"
"Anime","Jungle wa Itsumo Hare nochi Guu","Anime\Jungle wa Itsumo Hare nochi Guu","True"
"Anime","Jungle wa Itsumo Hare nochi Guu Deluxe","Anime\Jungle wa Itsumo Hare nochi Guu Deluxe","True"
"Anime","Juuni Kokuki","Anime\Juuni Kokuki","True"
"Anime","Kage no Jitsuryokusha ni Naritakute!","Anime\Kage no Jitsuryokusha ni Naritakute!","True"
"Anime","Kageki Shoujo!!","Anime\Kageki Shoujo!!","True"
"Anime","Kaguya-hime no Monogatari","Anime\Kaguya-hime no Monogatari","True"
"Anime","Kaguya-sama wa Kokurasetai_ First Kiss wa Owaranai","Anime\Kaguya-sama wa Kokurasetai_ First Kiss wa Owaranai","True"
"Anime","Kaguya-sama wa Kokurasetai_ Otona e no Kaidan","Anime\Kaguya-sama wa Kokurasetai_ Otona e no Kaidan","True"
"Anime","Kaguya-sama_ Love is War","Anime\Kaguya-sama_ Love is War","True"
"Anime","Kaiba","Anime\Kaiba","True"
"Anime","Kaichou wa Maid-sama!","Anime\Kaichou wa Maid-sama!","True"
"Anime","Kaiju No. 8","Anime\Kaiju No. 8","True"
"Anime","Kaijuu 8-gou","Anime\Kaijuu 8-gou","True"
"Anime","Kakushigoto","Anime\Kakushigoto","True"
"Anime","Kakushigoto Movie","Anime\Kakushigoto Movie","True"
"Anime","Kaleido Star","Anime\Kaleido Star","True"
"Anime","Kaleido Star_ Legend of Phoenix - Layla Hamilton Monogatari","Anime\Kaleido Star_ Legend of Phoenix - Layla Hamilton Monogatari","True"
"Anime","Kami nomi zo Shiru Sekai II","Anime\Kami nomi zo Shiru Sekai II","True"
"Anime","Kami nomi zo Shiru Sekai_ Megami-hen","Anime\Kami nomi zo Shiru Sekai_ Megami-hen","True"
"Anime","Kamiina Botan, Yoeru Sugata wa Yuri no Hana","Anime\Kamiina Botan, Yoeru Sugata wa Yuri no Hana","True"
"Anime","Kamisama Hajimemashita","Anime\Kamisama Hajimemashita","True"
"Anime","Kamisama Hajimemashita OVA","Anime\Kamisama Hajimemashita OVA","True"
"Anime","Kamisama Hajimemashita_ Kako-hen","Anime\Kamisama Hajimemashita_ Kako-hen","True"
"Anime","Kamisama Hajimemashita_ Kamisama, Shiawase ni Naru","Anime\Kamisama Hajimemashita_ Kamisama, Shiawase ni Naru","True"
"Anime","Kanata no Astra","Anime\Kanata no Astra","True"
"Anime","Kanon (2006)","Anime\Kanon (2006)","True"
"Anime","Kaoru Hana wa Rin to Saku","Anime\Kaoru Hana wa Rin to Saku","True"
"Anime","Kara no Kyoukai Movie 2_ Satsujin Kousatsu (Zen)","Anime\Kara no Kyoukai Movie 2_ Satsujin Kousatsu (Zen)","True"
"Anime","Kara no Kyoukai Movie 3_ Tsuukaku Zanryuu","Anime\Kara no Kyoukai Movie 3_ Tsuukaku Zanryuu","True"
"Anime","Kara no Kyoukai Movie 4_ Garan no Dou","Anime\Kara no Kyoukai Movie 4_ Garan no Dou","True"
"Anime","Kara no Kyoukai Movie 5_ Mujun Rasen","Anime\Kara no Kyoukai Movie 5_ Mujun Rasen","True"
"Anime","Kara no Kyoukai Movie 7_ Satsujin Kousatsu (Go)","Anime\Kara no Kyoukai Movie 7_ Satsujin Kousatsu (Go)","True"
"Anime","Kara no Kyoukai Movie_ Mirai Fukuin","Anime\Kara no Kyoukai Movie_ Mirai Fukuin","True"
"Anime","Karakai Jouzu no Takagi-san 2","Anime\Karakai Jouzu no Takagi-san 2","True"
"Anime","Karakai Jouzu no Takagi-san 3","Anime\Karakai Jouzu no Takagi-san 3","True"
"Anime","Karakai Jouzu no Takagi-san Movie","Anime\Karakai Jouzu no Takagi-san Movie","True"
"Anime","Karasu wa Aruji wo Erabanai","Anime\Karasu wa Aruji wo Erabanai","True"
"Anime","Karigurashi no Arrietty","Anime\Karigurashi no Arrietty","True"
"Anime","Katanagatari","Anime\Katanagatari","True"
"Anime","Katekyou Hitman Reborn!","Anime\Katekyou Hitman Reborn!","True"
"Anime","Kaze ga Tsuyoku Fuiteiru","Anime\Kaze ga Tsuyoku Fuiteiru","True"
"Anime","Kaze no Tani no Nausicaä","Anime\Kaze no Tani no Nausicaä","True"
"Anime","Kaze Tachinu","Anime\Kaze Tachinu","True"
"Anime","Kekkai Sensen & Beyond","Anime\Kekkai Sensen & Beyond","True"
"Anime","Kemono no Souja Erin","Anime\Kemono no Souja Erin","True"
"Anime","Kengan Ashura Season 2 Part 2","Anime\Kengan Ashura Season 2 Part 2","True"
"Anime","Kenpuu Denki Berserk","Anime\Kenpuu Denki Berserk","True"
"Anime","Keroro Gunsou","Anime\Keroro Gunsou","True"
"Anime","Kidou Keisatsu Patlabor 2 the Movie","Anime\Kidou Keisatsu Patlabor 2 the Movie","True"
"Anime","Kidou Keisatsu Patlabor_ On Television","Anime\Kidou Keisatsu Patlabor_ On Television","True"
"Anime","Kidou Senshi Gundam","Anime\Kidou Senshi Gundam","True"
"Anime","Kidou Senshi Gundam 00","Anime\Kidou Senshi Gundam 00","True"
"Anime","Kidou Senshi Gundam 0080_ Pocket no Naka no Sensou","Anime\Kidou Senshi Gundam 0080_ Pocket no Naka no Sensou","True"
"Anime","Kidou Senshi Gundam III_ Meguriai Sora-hen","Anime\Kidou Senshi Gundam III_ Meguriai Sora-hen","True"
"Anime","Kidou Senshi Gundam SEED","Anime\Kidou Senshi Gundam SEED","True"
"Anime","Kidou Senshi Gundam Thunderbolt","Anime\Kidou Senshi Gundam Thunderbolt","True"
"Anime","Kidou Senshi Gundam Thunderbolt_ December Sky","Anime\Kidou Senshi Gundam Thunderbolt_ December Sky","True"
"Anime","Kidou Senshi Gundam Unicorn","Anime\Kidou Senshi Gundam Unicorn","True"
"Anime","Kidou Senshi Gundam Unicorn RE_0096","Anime\Kidou Senshi Gundam Unicorn RE_0096","True"
"Anime","Kidou Senshi Gundam_ Dai 08 MS Shoutai","Anime\Kidou Senshi Gundam_ Dai 08 MS Shoutai","True"
"Anime","Kidou Senshi Gundam_ Gyakushuu no Char","Anime\Kidou Senshi Gundam_ Gyakushuu no Char","True"
"Anime","Kidou Senshi Gundam_ Senkou no Hathaway","Anime\Kidou Senshi Gundam_ Senkou no Hathaway","True"
"Anime","Kidou Senshi Gundam_ Senkou no Hathaway - Circe no Majo","Anime\Kidou Senshi Gundam_ Senkou no Hathaway - Circe no Majo","True"
"Anime","Kidou Senshi Gundam_ Suisei no Majo","Anime\Kidou Senshi Gundam_ Suisei no Majo","True"
"Anime","Kidou Senshi Gundam_ Suisei no Majo - Prologue","Anime\Kidou Senshi Gundam_ Suisei no Majo - Prologue","True"
"Anime","Kidou Senshi Gundam_ Tekketsu no Orphans","Anime\Kidou Senshi Gundam_ Tekketsu no Orphans","True"
"Anime","Kidou Senshi Gundam_ The Origin","Anime\Kidou Senshi Gundam_ The Origin","True"
"Anime","Kidou Senshi Gundam_ The Origin - Zenya Akai Suisei","Anime\Kidou Senshi Gundam_ The Origin - Zenya Akai Suisei","True"
"Anime","Kidou Senshi Zeta Gundam","Anime\Kidou Senshi Zeta Gundam","True"
"Anime","Kill la Kill","Anime\Kill la Kill","True"
"Anime","Kimetsu no Yaiba Movie 1_ Mugenjou-hen - Akaza Sairai","Anime\Kimetsu no Yaiba Movie 1_ Mugenjou-hen - Akaza Sairai","True"
"Anime","Kimetsu no Yaiba Movie_ Mugen Ressha-hen","Anime\Kimetsu no Yaiba Movie_ Mugen Ressha-hen","True"
"Anime","Kimi ga Shinu made Koi wo Shitai","Anime\Kimi ga Shinu made Koi wo Shitai","True"
"Anime","Kimi ni Todoke","Anime\Kimi ni Todoke","True"
"Anime","Kimi no Koto ga Daidaidaidaidaisuki na 100-nin no Kanojo","Anime\Kimi no Koto ga Daidaidaidaidaisuki na 100-nin no Kanojo","True"
"Anime","Kimi no Na wa","Anime\Kimi no Na wa","True"
"Anime","Kimi no Suizou wo Tabetai","Anime\Kimi no Suizou wo Tabetai","True"
"Anime","Kimi to Boku. 2","Anime\Kimi to Boku. 2","True"
"Anime","Kimi wa Houkago Insomnia","Anime\Kimi wa Houkago Insomnia","True"
"Anime","Kindaichi Shounen no Jikenbo","Anime\Kindaichi Shounen no Jikenbo","True"
"Anime","Kindaichi Shounen no Jikenbo Returns 2nd Season","Anime\Kindaichi Shounen no Jikenbo Returns 2nd Season","True"
"Anime","Kingdom","Anime\Kingdom","True"
"Anime","Kino no Tabi_ The Beautiful World","Anime\Kino no Tabi_ The Beautiful World","True"
"Anime","Kino no Tabi_ The Beautiful World - Nanika wo Suru Tame ni - Life Goes On","Anime\Kino no Tabi_ The Beautiful World - Nanika wo Suru Tame ni - Life Goes On","True"
"Anime","Kizumonogatari I_ Tekketsu-hen","Anime\Kizumonogatari I_ Tekketsu-hen","True"
"Anime","Kizumonogatari II_ Nekketsu-hen","Anime\Kizumonogatari II_ Nekketsu-hen","True"
"Anime","Kizumonogatari III_ Reiketsu-hen","Anime\Kizumonogatari III_ Reiketsu-hen","True"
"Anime","Kizumonogatari_ Koyomi Vamp","Anime\Kizumonogatari_ Koyomi Vamp","True"
"Anime","Kobato","Anime\Kobato","True"
"Anime","Kobayashi-san Chi no Maid Dragon","Anime\Kobayashi-san Chi no Maid Dragon","True"
"Anime","Kobayashi-san Chi no Maid Dragon S","Anime\Kobayashi-san Chi no Maid Dragon S","True"
"Anime","Kobayashi-san Chi no Maid Dragon S_ Nippon no Omotenashi - Attend wa Dragon desu","Anime\Kobayashi-san Chi no Maid Dragon S_ Nippon no Omotenashi - Attend wa Dragon desu","True"
"Anime","Kobayashi-san Chi no Maid Dragon_ Samishigariya no Ryuu","Anime\Kobayashi-san Chi no Maid Dragon_ Samishigariya no Ryuu","True"
"Anime","Kobayashi-san Chi no Maid Dragon_ Valentine, Soshite Onsen! - Amari Kitai Shinaide Kudasai","Anime\Kobayashi-san Chi no Maid Dragon_ Valentine, Soshite Onsen! - Amari Kitai Shinaide Kudasai","True"
"Anime","Kochira Katsushikaku Kameari Kouenmae Hashutsujo","Anime\Kochira Katsushikaku Kameari Kouenmae Hashutsujo","True"
"Anime","Kodomo no Omocha (TV)","Anime\Kodomo no Omocha (TV)","True"
"Anime","Koe no Katachi","Anime\Koe no Katachi","True"
"Anime","Kokoro Connect","Anime\Kokoro Connect","True"
"Anime","Kokoro Connect_ Michi Random","Anime\Kokoro Connect_ Michi Random","True"
"Anime","Kokoro ga Sakebitagatterunda","Anime\Kokoro ga Sakebitagatterunda","True"
"Anime","Komi-san wa, Comyushou desu","Anime\Komi-san wa, Comyushou desu","True"
"Anime","K-On!","Anime\K-On!","True"
"Anime","K-On! Movie","Anime\K-On! Movie","True"
"Anime","K-On!!_ Keikaku!","Anime\K-On!!_ Keikaku!","True"
"Anime","K-On!_ Live House!","Anime\K-On!_ Live House!","True"
"Anime","Kono Oto Tomare!","Anime\Kono Oto Tomare!","True"
"Anime","Kono Sekai no Katasumi ni","Anime\Kono Sekai no Katasumi ni","True"
"Anime","Kono Subarashii Sekai ni Shukufuku wo!","Anime\Kono Subarashii Sekai ni Shukufuku wo!","True"
"Anime","Kono Subarashii Sekai ni Shukufuku wo! 2","Anime\Kono Subarashii Sekai ni Shukufuku wo! 2","True"
"Anime","Kono Subarashii Sekai ni Shukufuku wo! 2_ Kono Subarashii Geijutsu ni Shukufuku wo!","Anime\Kono Subarashii Sekai ni Shukufuku wo! 2_ Kono Subarashii Geijutsu ni Shukufuku wo!","True"
"Anime","Kono Subarashii Sekai ni Shukufuku wo! 3","Anime\Kono Subarashii Sekai ni Shukufuku wo! 3","True"
"Anime","Kono Subarashii Sekai ni Shukufuku wo! 3_ Bonus Stage","Anime\Kono Subarashii Sekai ni Shukufuku wo! 3_ Bonus Stage","True"
"Anime","Kono Subarashii Sekai ni Shukufuku wo! Movie_ Kurenai Densetsu","Anime\Kono Subarashii Sekai ni Shukufuku wo! Movie_ Kurenai Densetsu","True"
"Anime","Kono Subarashii Sekai ni Shukufuku wo!_ Kono Subarashii Choker ni Shukufuku wo!","Anime\Kono Subarashii Sekai ni Shukufuku wo!_ Kono Subarashii Choker ni Shukufuku wo!","True"
"Anime","Koori no Jouheki","Anime\Koori no Jouheki","True"
"Anime","Kore Kaite Shine","Anime\Kore Kaite Shine","True"
"Anime","Kotarou wa Hitorigurashi","Anime\Kotarou wa Hitorigurashi","True"
"Anime","Kotonoha no Niwa","Anime\Kotonoha no Niwa","True"
"Anime","Koukaku Kidoutai","Anime\Koukaku Kidoutai","True"
"Anime","Koukaku Kidoutai (TV)","Anime\Koukaku Kidoutai (TV)","True"
"Anime","Koukaku Kidoutai 2.0","Anime\Koukaku Kidoutai 2.0","True"
"Anime","Koukaku Kidoutai_ Stand Alone Complex","Anime\Koukaku Kidoutai_ Stand Alone Complex","True"
"Anime","Koukaku Kidoutai_ Stand Alone Complex - Solid State Society","Anime\Koukaku Kidoutai_ Stand Alone Complex - Solid State Society","True"
"Anime","Koukaku Kidoutai_ Stand Alone Complex - Solid State Society 3D","Anime\Koukaku Kidoutai_ Stand Alone Complex - Solid State Society 3D","True"
"Anime","Koukaku Kidoutai_ Stand Alone Complex - The Laughing Man","Anime\Koukaku Kidoutai_ Stand Alone Complex - The Laughing Man","True"
"Anime","Koukaku Kidoutai_ Stand Alone Complex 2nd GIG","Anime\Koukaku Kidoutai_ Stand Alone Complex 2nd GIG","True"
"Anime","Koukaku Kidoutai_ Stand Alone Complex 2nd GIG - Individual Eleven","Anime\Koukaku Kidoutai_ Stand Alone Complex 2nd GIG - Individual Eleven","True"
"Anime","Koukyoushihen Eureka Seven","Anime\Koukyoushihen Eureka Seven","True"
"Anime","Kubikiri Cycle_ Aoiro Savant to Zaregotozukai","Anime\Kubikiri Cycle_ Aoiro Savant to Zaregotozukai","True"
"Anime","Kumichou Musume to Sewagakari","Anime\Kumichou Musume to Sewagakari","True"
"Anime","Kuragehime","Anime\Kuragehime","True"
"Anime","Kurenai no Buta","Anime\Kurenai no Buta","True"
"Anime","Kuroko no Basket","Anime\Kuroko no Basket","True"
"Anime","Kuroko no Basket 2nd Season NG-shuu","Anime\Kuroko no Basket 2nd Season NG-shuu","True"
"Anime","Kuroko no Basket Movie 1_ Winter Cup - Kage to Hikari","Anime\Kuroko no Basket Movie 1_ Winter Cup - Kage to Hikari","True"
"Anime","Kuroko no Basket Movie 2_ Winter Cup - Namida no Saki e","Anime\Kuroko no Basket Movie 2_ Winter Cup - Namida no Saki e","True"
"Anime","Kuroko no Basket Movie 3_ Winter Cup - Tobira no Mukou","Anime\Kuroko no Basket Movie 3_ Winter Cup - Tobira no Mukou","True"
"Anime","Kuroko no Basket Movie 4_ Last Game","Anime\Kuroko no Basket Movie 4_ Last Game","True"
"Anime","Kuroko no Basket_ Last Game NG-shuu","Anime\Kuroko no Basket_ Last Game NG-shuu","True"
"Anime","Kuroko no Basket_ Saikou no Present desu","Anime\Kuroko no Basket_ Saikou no Present desu","True"
"Anime","Kuroko no Basket_ Tip Off","Anime\Kuroko no Basket_ Tip Off","True"
"Anime","Kuroko's Basketball","Anime\Kuroko's Basketball","True"
"Anime","Kuroshitsuji Movie_ Book of the Atlantic","Anime\Kuroshitsuji Movie_ Book of the Atlantic","True"
"Anime","Kuroshitsuji_ Book of Circus","Anime\Kuroshitsuji_ Book of Circus","True"
"Anime","Kuroshitsuji_ Book of Murder","Anime\Kuroshitsuji_ Book of Murder","True"
"Anime","Kuroshitsuji_ Kishuku Gakkou-hen","Anime\Kuroshitsuji_ Kishuku Gakkou-hen","True"
"Anime","Kuroshitsuji_ Midori no Majo-hen","Anime\Kuroshitsuji_ Midori no Majo-hen","True"
"Anime","Kusuriya no Hitorigoto","Anime\Kusuriya no Hitorigoto","True"
"Anime","Kuuchuu Buranko","Anime\Kuuchuu Buranko","True"
"Anime","Kyou kara Maou! 3rd Series","Anime\Kyou kara Maou! 3rd Series","True"
"Anime","Kyou kara Ore wa!!","Anime\Kyou kara Ore wa!!","True"
"Anime","Kyoukai no Kanata","Anime\Kyoukai no Kanata","True"
"Anime","Kyoukai no Kanata Movie 1_ I'll Be Here - Kako-hen","Anime\Kyoukai no Kanata Movie 1_ I'll Be Here - Kako-hen","True"
"Anime","Kyoukai no Kanata Movie 2_ I'll Be Here - Mirai-hen","Anime\Kyoukai no Kanata Movie 2_ I'll Be Here - Mirai-hen","True"
"Anime","Kyousou Giga (TV)","Anime\Kyousou Giga (TV)","True"
"Anime","Langlang Shan Xiao Yaoguai","Anime\Langlang Shan Xiao Yaoguai","True"
"Anime","Last Exile","Anime\Last Exile","True"
"Anime","Les Misérables_ Shoujo Cosette","Anime\Les Misérables_ Shoujo Cosette","True"
"Anime","Liang Bu Yi","Anime\Liang Bu Yi","True"
"Anime","Ling Long 2nd Season","Anime\Ling Long 2nd Season","True"
"Anime","Ling Long_ Incarnation Final Chapter","Anime\Ling Long_ Incarnation Final Chapter","True"
"Anime","Ling Long_ Incarnation Part 2","Anime\Ling Long_ Incarnation Part 2","True"
"Anime","Ling Long_ Incarnation Special","Anime\Ling Long_ Incarnation Special","True"
"Anime","Little Busters! EX","Anime\Little Busters! EX","True"
"Anime","Little Busters! Refrain","Anime\Little Busters! Refrain","True"
"Anime","Little Witch Academia","Anime\Little Witch Academia","True"
"Anime","Little Witch Academia (TV)","Anime\Little Witch Academia (TV)","True"
"Anime","Little Witch Academia_ Mahoujikake no Parade","Anime\Little Witch Academia_ Mahoujikake no Parade","True"
"Anime","Liz to Aoi Tori","Anime\Liz to Aoi Tori","True"
"Anime","Log Horizon","Anime\Log Horizon","True"
"Anime","Look Back","Anime\Look Back","True"
"Anime","Love Live! Nijigasaki Gakuen School Idol Doukoukai_ Kanketsu-hen Part 2","Anime\Love Live! Nijigasaki Gakuen School Idol Doukoukai_ Kanketsu-hen Part 2","True"
"Anime","Love Live! School Idol Project 2nd Season","Anime\Love Live! School Idol Project 2nd Season","True"
"Anime","Love Live! Superstar!!","Anime\Love Live! Superstar!!","True"
"Anime","Love Live! The School Idol Movie","Anime\Love Live! The School Idol Movie","True"
"Anime","Lovely★Complex","Anime\Lovely★Complex","True"
"Anime","Lucky☆Star","Anime\Lucky☆Star","True"
"Anime","Lucky☆Star_ Original na Visual to Animation","Anime\Lucky☆Star_ Original na Visual to Animation","True"
"Anime","Luo Xiaohei Zhanji","Anime\Luo Xiaohei Zhanji","True"
"Anime","Luo Xiaohei Zhanji (Movie)","Anime\Luo Xiaohei Zhanji (Movie)","True"
"Anime","Luo Xiaohei Zhanji 2","Anime\Luo Xiaohei Zhanji 2","True"
"Anime","Luo Xiaohei Zhanji_ Zhongsheng Zhi Men","Anime\Luo Xiaohei Zhanji_ Zhongsheng Zhi Men","True"
"Anime","Lupin III (2015)","Anime\Lupin III (2015)","True"
"Anime","Lupin III vs. Meitantei Conan","Anime\Lupin III vs. Meitantei Conan","True"
"Anime","Lupin III vs. Meitantei Conan_ The Movie","Anime\Lupin III vs. Meitantei Conan_ The Movie","True"
"Anime","Lupin III_ Cagliostro no Shiro","Anime\Lupin III_ Cagliostro no Shiro","True"
"Anime","Lupin III_ Part 5","Anime\Lupin III_ Part 5","True"
"Anime","Lupin III_ Part II","Anime\Lupin III_ Part II","True"
"Anime","Lupin III_ The First","Anime\Lupin III_ The First","True"
"Anime","Lupin the IIIrd_ Chikemuri no Ishikawa Goemon","Anime\Lupin the IIIrd_ Chikemuri no Ishikawa Goemon","True"
"Anime","Lupin the IIIrd_ Jigen Daisuke no Bohyou","Anime\Lupin the IIIrd_ Jigen Daisuke no Bohyou","True"
"Anime","Lupin the Third_ Mine Fujiko to Iu Onna","Anime\Lupin the Third_ Mine Fujiko to Iu Onna","True"
"Anime","Lycoris Recoil","Anime\Lycoris Recoil","True"
"Anime","Lycoris Recoil_ Friends Are Thieves of Time","Anime\Lycoris Recoil_ Friends Are Thieves of Time","True"
"Anime","Machikado Mazoku_ 2-choume","Anime\Machikado Mazoku_ 2-choume","True"
"Anime","Macross","Anime\Macross","True"
"Anime","Macross F","Anime\Macross F","True"
"Anime","Macross F Movie 1_ Itsuwari no Utahime","Anime\Macross F Movie 1_ Itsuwari no Utahime","True"
"Anime","Macross F Movie 2_ Sayonara no Tsubasa","Anime\Macross F Movie 2_ Sayonara no Tsubasa","True"
"Anime","Macross Plus","Anime\Macross Plus","True"
"Anime","Macross Plus Movie Edition","Anime\Macross Plus Movie Edition","True"
"Anime","Macross_ Do You Remember Love_","Anime\Macross_ Do You Remember Love_","True"
"Anime","Made in Abyss","Anime\Made in Abyss","True"
"Anime","Made in Abyss Movie 1_ Tabidachi no Yoake","Anime\Made in Abyss Movie 1_ Tabidachi no Yoake","True"
"Anime","Made in Abyss Movie 2_ Hourou Suru Tasogare","Anime\Made in Abyss Movie 2_ Hourou Suru Tasogare","True"
"Anime","Made in Abyss Movie 3_ Fukaki Tamashii no Reimei","Anime\Made in Abyss Movie 3_ Fukaki Tamashii no Reimei","True"
"Anime","Made in Abyss_ Retsujitsu no Ougonkyou","Anime\Made in Abyss_ Retsujitsu no Ougonkyou","True"
"Anime","Madogiwa no Totto-chan","Anime\Madogiwa no Totto-chan","True"
"Anime","Magi_ Sinbad no Bouken","Anime\Magi_ Sinbad no Bouken","True"
"Anime","Magi_ Sinbad no Bouken (TV)","Anime\Magi_ Sinbad no Bouken (TV)","True"
"Anime","Magi_ The Kingdom of Magic","Anime\Magi_ The Kingdom of Magic","True"
"Anime","Magi_ The Labyrinth of Magic","Anime\Magi_ The Labyrinth of Magic","True"
"Anime","Magic Kaito","Anime\Magic Kaito","True"
"Anime","Magic Kaito 1412","Anime\Magic Kaito 1412","True"
"Anime","Mahou Shoujo Lyrical Nanoha A's","Anime\Mahou Shoujo Lyrical Nanoha A's","True"
"Anime","Mahou Shoujo Lyrical Nanoha_ The Movie 1st","Anime\Mahou Shoujo Lyrical Nanoha_ The Movie 1st","True"
"Anime","Mahou Shoujo Lyrical Nanoha_ The Movie 2nd A's","Anime\Mahou Shoujo Lyrical Nanoha_ The Movie 2nd A's","True"
"Anime","Mahou Shoujo Madoka★Magica Movie 1_ Hajimari no Monogatari","Anime\Mahou Shoujo Madoka★Magica Movie 1_ Hajimari no Monogatari","True"
"Anime","Mahou Shoujo Madoka★Magica Movie 2_ Eien no Monogatari","Anime\Mahou Shoujo Madoka★Magica Movie 2_ Eien no Monogatari","True"
"Anime","Mahou Shoujo Madoka★Magica Movie 3_ Hangyaku no Monogatari","Anime\Mahou Shoujo Madoka★Magica Movie 3_ Hangyaku no Monogatari","True"
"Anime","Mahoujin Guruguru (2017)","Anime\Mahoujin Guruguru (2017)","True"
"Anime","Mahoutsukai no Yome","Anime\Mahoutsukai no Yome","True"
"Anime","Mahoutsukai no Yome_ Hoshi Matsu Hito","Anime\Mahoutsukai no Yome_ Hoshi Matsu Hito","True"
"Anime","Mairimashita! Iruma-kun","Anime\Mairimashita! Iruma-kun","True"
"Anime","Maison Ikkoku","Anime\Maison Ikkoku","True"
"Anime","Majo no Takkyuubin","Anime\Majo no Takkyuubin","True"
"Anime","Major Movie_ Yuujou no Winning Shot","Anime\Major Movie_ Yuujou no Winning Shot","True"
"Anime","Major S1","Anime\Major S1","True"
"Anime","Major S2","Anime\Major S2","True"
"Anime","Major S3","Anime\Major S3","True"
"Anime","Major S4","Anime\Major S4","True"
"Anime","Major S5","Anime\Major S5","True"
"Anime","Major S6","Anime\Major S6","True"
"Anime","Major_ Message","Anime\Major_ Message","True"
"Anime","Major_ World Series","Anime\Major_ World Series","True"
"Anime","Make Heroine ga Oosugiru!","Anime\Make Heroine ga Oosugiru!","True"
"Anime","Maoujou de Oyasumi","Anime\Maoujou de Oyasumi","True"
"Anime","Maria-sama ga Miteru 3rd","Anime\Maria-sama ga Miteru 3rd","True"
"Anime","Maria-sama ga Miteru 4th","Anime\Maria-sama ga Miteru 4th","True"
"Anime","Mashle_ Shinkakusha Kouho Senbatsu Shiken-hen","Anime\Mashle_ Shinkakusha Kouho Senbatsu Shiken-hen","True"
"Anime","Master Keaton OVA","Anime\Master Keaton OVA","True"
"Anime","Mawaru Penguindrum","Anime\Mawaru Penguindrum","True"
"Anime","Medalist","Anime\Medalist","True"
"Anime","Megalo Box","Anime\Megalo Box","True"
"Anime","Meitantei Conan","Anime\Meitantei Conan","True"
"Anime","Meitantei Conan Movie 01_ Tokei Jikake no Matenrou","Anime\Meitantei Conan Movie 01_ Tokei Jikake no Matenrou","True"
"Anime","Meitantei Conan Movie 02_ 14-banme no Target","Anime\Meitantei Conan Movie 02_ 14-banme no Target","True"
"Anime","Meitantei Conan Movie 03_ Seikimatsu no Majutsushi","Anime\Meitantei Conan Movie 03_ Seikimatsu no Majutsushi","True"
"Anime","Meitantei Conan Movie 04_ Hitomi no Naka no Ansatsusha","Anime\Meitantei Conan Movie 04_ Hitomi no Naka no Ansatsusha","True"
"Anime","Meitantei Conan Movie 05_ Tengoku e no Countdown","Anime\Meitantei Conan Movie 05_ Tengoku e no Countdown","True"
"Anime","Meitantei Conan Movie 06_ Baker Street no Bourei","Anime\Meitantei Conan Movie 06_ Baker Street no Bourei","True"
"Anime","Meitantei Conan Movie 07_ Meikyuu no Crossroad","Anime\Meitantei Conan Movie 07_ Meikyuu no Crossroad","True"
"Anime","Meitantei Conan Movie 08_ Ginyoku no Magician","Anime\Meitantei Conan Movie 08_ Ginyoku no Magician","True"
"Anime","Meitantei Conan Movie 08_ Ginyoku no Time Travel Recap","Anime\Meitantei Conan Movie 08_ Ginyoku no Time Travel Recap","True"
"Anime","Meitantei Conan Movie 09_ Suihei Senjou no Strategy","Anime\Meitantei Conan Movie 09_ Suihei Senjou no Strategy","True"
"Anime","Meitantei Conan Movie 10_ Tantei-tachi no Requiem","Anime\Meitantei Conan Movie 10_ Tantei-tachi no Requiem","True"
"Anime","Meitantei Conan Movie 12_ Senritsu no Full Score","Anime\Meitantei Conan Movie 12_ Senritsu no Full Score","True"
"Anime","Meitantei Conan Movie 13_ Shikkoku no Chaser","Anime\Meitantei Conan Movie 13_ Shikkoku no Chaser","True"
"Anime","Meitantei Conan Movie 14_ Tenkuu no Lost Ship","Anime\Meitantei Conan Movie 14_ Tenkuu no Lost Ship","True"
"Anime","Meitantei Conan Movie 15_ Chinmoku no Quarter","Anime\Meitantei Conan Movie 15_ Chinmoku no Quarter","True"
"Anime","Meitantei Conan Movie 16_ 11-ninme no Striker","Anime\Meitantei Conan Movie 16_ 11-ninme no Striker","True"
"Anime","Meitantei Conan Movie 18_ Ijigen no Sniper","Anime\Meitantei Conan Movie 18_ Ijigen no Sniper","True"
"Anime","Meitantei Conan Movie 19_ Gouka no Himawari","Anime\Meitantei Conan Movie 19_ Gouka no Himawari","True"
"Anime","Meitantei Conan Movie 20_ Junkoku no Nightmare","Anime\Meitantei Conan Movie 20_ Junkoku no Nightmare","True"
"Anime","Meitantei Conan Movie 22_ Zero no Shikkounin","Anime\Meitantei Conan Movie 22_ Zero no Shikkounin","True"
"Anime","Meitantei Conan Movie 23_ Konjou no Fist","Anime\Meitantei Conan Movie 23_ Konjou no Fist","True"
"Anime","Meitantei Conan Movie 24_ Hiiro no Dangan","Anime\Meitantei Conan Movie 24_ Hiiro no Dangan","True"
"Anime","Meitantei Conan Movie 25_ Halloween no Hanayome","Anime\Meitantei Conan Movie 25_ Halloween no Hanayome","True"
"Anime","Meitantei Conan Movie 26_ Kurogane no Submarine","Anime\Meitantei Conan Movie 26_ Kurogane no Submarine","True"
"Anime","Meitantei Conan Movie 27_ 100-man Dollar no Michishirube","Anime\Meitantei Conan Movie 27_ 100-man Dollar no Michishirube","True"
"Anime","Meitantei Conan OVA 09_ 10-nengo no Stranger","Anime\Meitantei Conan OVA 09_ 10-nengo no Stranger","True"
"Anime","Meitantei Conan OVA 10_ Kid in Trap Island","Anime\Meitantei Conan OVA 10_ Kid in Trap Island","True"
"Anime","Meitantei Conan_ Episode One - Chiisaku Natta Meitantei","Anime\Meitantei Conan_ Episode One - Chiisaku Natta Meitantei","True"
"Anime","Memories","Anime\Memories","True"
"Anime","MF Ghost","Anime\MF Ghost","True"
"Anime","Michiko to Hatchin","Anime\Michiko to Hatchin","True"
"Anime","Mignon","Anime\Mignon","True"
"Anime","Mimi wo Sumaseba","Anime\Mimi wo Sumaseba","True"
"Anime","Mind Game","Anime\Mind Game","True"
"Anime","Mirai Shounen Conan","Anime\Mirai Shounen Conan","True"
"Anime","Mo Dao Zu Shi","Anime\Mo Dao Zu Shi","True"
"Anime","Mo Dao Zu Shi Q","Anime\Mo Dao Zu Shi Q","True"
"Anime","Mo Dao Zu Shi_ Wanjie Pian","Anime\Mo Dao Zu Shi_ Wanjie Pian","True"
"Anime","Mo Dao Zu Shi_ Xian Yun Pian","Anime\Mo Dao Zu Shi_ Xian Yun Pian","True"
"Anime","Mob Psycho 100","Anime\Mob Psycho 100","True"
"Anime","Mob Psycho 100 II","Anime\Mob Psycho 100 II","True"
"Anime","Mob Psycho 100 III","Anime\Mob Psycho 100 III","True"
"Anime","Mofa Gongzhu de Xiao Fannao","Anime\Mofa Gongzhu de Xiao Fannao","True"
"Anime","Mono","Anime\Mono","True"
"Anime","Monogatari Series_ Off & Monster Season","Anime\Monogatari Series_ Off & Monster Season","True"
"Anime","Monogatari Series_ Off & Monster Season - Zankoku Douwa_ Utsukushi-hime","Anime\Monogatari Series_ Off & Monster Season - Zankoku Douwa_ Utsukushi-hime","True"
"Anime","Monogatari Series_ Second Season","Anime\Monogatari Series_ Second Season","True"
"Anime","Mononoke","Anime\Mononoke","True"
"Anime","Mononoke Hime","Anime\Mononoke Hime","True"
"Anime","Mononoke Movie 1_ Karakasa","Anime\Mononoke Movie 1_ Karakasa","True"
"Anime","Mononoke Movie 2_ Hinezumi","Anime\Mononoke Movie 2_ Hinezumi","True"
"Anime","Monster","Anime\Monster","True"
"Anime","Mujin Wakusei Survive","Anime\Mujin Wakusei Survive","True"
"Anime","Musekinin Kanchou Tylor","Anime\Musekinin Kanchou Tylor","True"
"Anime","Mushen Ji","Anime\Mushen Ji","True"
"Anime","Mushishi","Anime\Mushishi","True"
"Anime","Mushishi Zoku Shou_ Odoro no Michi","Anime\Mushishi Zoku Shou_ Odoro no Michi","True"
"Anime","Mushishi Zoku Shou_ Suzu no Shizuku","Anime\Mushishi Zoku Shou_ Suzu no Shizuku","True"
"Anime","Mushishi_ Hihamukage","Anime\Mushishi_ Hihamukage","True"
"Anime","Mushoku Tensei II_ Isekai Ittara Honki Dasu","Anime\Mushoku Tensei II_ Isekai Ittara Honki Dasu","True"
"Anime","Mushoku Tensei III_ Isekai Ittara Honki Dasu","Anime\Mushoku Tensei III_ Isekai Ittara Honki Dasu","True"
"Anime","Mushoku Tensei_ Isekai Ittara Honki Dasu","Anime\Mushoku Tensei_ Isekai Ittara Honki Dasu","True"
"Anime","Mushoku Tensei_ Isekai Ittara Honki Dasu - Eris no Goblin Toubatsu","Anime\Mushoku Tensei_ Isekai Ittara Honki Dasu - Eris no Goblin Toubatsu","True"
"Anime","Mushoku Tensei_ Jobless Reincarnation","Anime\Mushoku Tensei_ Jobless Reincarnation","True"
"Anime","Muumindani no Suisei","Anime\Muumindani no Suisei","True"
"Anime","My Dress-Up Darling","Anime\My Dress-Up Darling","True"
"Anime","My Hero Academia","Anime\My Hero Academia","True"
"Anime","My Melody & Kuromi","Anime\My Melody & Kuromi","True"
"Anime","Nagi no Asu kara","Anime\Nagi no Asu kara","True"
"Anime","Nana","Anime\Nana","True"
"Anime","Naruto","Anime\Naruto","True"
"Anime","Naruto_ Shippuden","Anime\Naruto_ Shippuden","True"
"Anime","Naruto_ Shippuuden","Anime\Naruto_ Shippuuden","True"
"Anime","Naruto_ Shippuuden Movie 6 - Road to Ninja","Anime\Naruto_ Shippuuden Movie 6 - Road to Ninja","True"
"Anime","Natsu e no Tunnel, Sayonara no Deguchi","Anime\Natsu e no Tunnel, Sayonara no Deguchi","True"
"Anime","Natsume Yuujinchou","Anime\Natsume Yuujinchou","True"
"Anime","Natsume Yuujinchou Go","Anime\Natsume Yuujinchou Go","True"
"Anime","Natsume Yuujinchou Go Specials","Anime\Natsume Yuujinchou Go Specials","True"
"Anime","Natsume Yuujinchou Movie_ Utsusemi ni Musubu","Anime\Natsume Yuujinchou Movie_ Utsusemi ni Musubu","True"
"Anime","Natsume Yuujinchou Roku","Anime\Natsume Yuujinchou Roku","True"
"Anime","Natsume Yuujinchou Roku Specials","Anime\Natsume Yuujinchou Roku Specials","True"
"Anime","Natsume Yuujinchou San","Anime\Natsume Yuujinchou San","True"
"Anime","Natsume Yuujinchou Shi","Anime\Natsume Yuujinchou Shi","True"
"Anime","Natsume Yuujinchou Shichi","Anime\Natsume Yuujinchou Shichi","True"
"Anime","Natsume Yuujinchou Shichi_ Nobashita Te wa","Anime\Natsume Yuujinchou Shichi_ Nobashita Te wa","True"
"Anime","Natsume Yuujinchou_ Ishi Okoshi to Ayashiki Raihousha","Anime\Natsume Yuujinchou_ Ishi Okoshi to Ayashiki Raihousha","True"
"Anime","Natsume Yuujinchou_ Itsuka Yuki no Hi ni","Anime\Natsume Yuujinchou_ Itsuka Yuki no Hi ni","True"
"Anime","Neko no Ongaeshi","Anime\Neko no Ongaeshi","True"
"Anime","Neko to Ryuu","Anime\Neko to Ryuu","True"
"Anime","Nekomonogatari_ Kuro","Anime\Nekomonogatari_ Kuro","True"
"Anime","Neon Genesis Evangelion","Anime\Neon Genesis Evangelion","True"
"Anime","New Game!!","Anime\New Game!!","True"
"Anime","New Initial D Movie_ Legend 1 - Kakusei","Anime\New Initial D Movie_ Legend 1 - Kakusei","True"
"Anime","New Initial D Movie_ Legend 2 - Tousou","Anime\New Initial D Movie_ Legend 2 - Tousou","True"
"Anime","New Initial D Movie_ Legend 3 - Mugen","Anime\New Initial D Movie_ Legend 3 - Mugen","True"
"Anime","New Panty & Stocking with Garterbelt","Anime\New Panty & Stocking with Garterbelt","True"
"Anime","Nezha Zhi Mo Tong Jiang Shi","Anime\Nezha Zhi Mo Tong Jiang Shi","True"
"Anime","Nezha Zhi Mo Tong Nao Hai","Anime\Nezha Zhi Mo Tong Nao Hai","True"
"Anime","NHK ni Youkoso!","Anime\NHK ni Youkoso!","True"
"Anime","Nichijou","Anime\Nichijou","True"
"Anime","Niehime to Kemono no Ou","Anime\Niehime to Kemono no Ou","True"
"Anime","NieR_Automata Ver1.1a Part 2","Anime\NieR_Automata Ver1.1a Part 2","True"
"Anime","Nige Jouzu no Wakagimi","Anime\Nige Jouzu no Wakagimi","True"
"Anime","Nippon Sangoku","Anime\Nippon Sangoku","True"
"Anime","Nisemonogatari","Anime\Nisemonogatari","True"
"Anime","Nitian Xie Shen","Anime\Nitian Xie Shen","True"
"Anime","No Game No Life","Anime\No Game No Life","True"
"Anime","No Game No Life_ Zero","Anime\No Game No Life_ Zero","True"
"Anime","Nodame Cantabile","Anime\Nodame Cantabile","True"
"Anime","Nodame Cantabile Finale","Anime\Nodame Cantabile Finale","True"
"Anime","Nodame Cantabile_ Finale - Mine to Kiyora no Saikai","Anime\Nodame Cantabile_ Finale - Mine to Kiyora no Saikai","True"
"Anime","Nodame Cantabile_ Paris-hen","Anime\Nodame Cantabile_ Paris-hen","True"
"Anime","Nomad_ Megalo Box 2","Anime\Nomad_ Megalo Box 2","True"
"Anime","Non Non Biyori","Anime\Non Non Biyori","True"
"Anime","Non Non Biyori Movie_ Vacation","Anime\Non Non Biyori Movie_ Vacation","True"
"Anime","Non Non Biyori Nonstop","Anime\Non Non Biyori Nonstop","True"
"Anime","Non Non Biyori Nonstop_ Bukatsu wo Ganbatta","Anime\Non Non Biyori Nonstop_ Bukatsu wo Ganbatta","True"
"Anime","Non Non Biyori Repeat","Anime\Non Non Biyori Repeat","True"
"Anime","Non Non Biyori Repeat_ Hotaru ga Tanoshinda","Anime\Non Non Biyori Repeat_ Hotaru ga Tanoshinda","True"
"Anime","Noragami","Anime\Noragami","True"
"Anime","Noragami Aragoto","Anime\Noragami Aragoto","True"
"Anime","Noragami Aragoto OVA","Anime\Noragami Aragoto OVA","True"
"Anime","Noragami OVA","Anime\Noragami OVA","True"
"Anime","Nurarihyon no Mago_ Sennen Makyou","Anime\Nurarihyon no Mago_ Sennen Makyou","True"
"Anime","Odd Taxi","Anime\Odd Taxi","True"
"Anime","Ojamajo Doremi Dokkaan!","Anime\Ojamajo Doremi Dokkaan!","True"
"Anime","Ojamajo Doremi Na-i-sho","Anime\Ojamajo Doremi Na-i-sho","True"
"Anime","Omae Umasou da na","Anime\Omae Umasou da na","True"
"Anime","Omoide no Marnie","Anime\Omoide no Marnie","True"
"Anime","One Outs","Anime\One Outs","True"
"Anime","One Piece","Anime\One Piece","True"
"Anime","One Piece 3D2Y_ Ace no Shi wo Koete! Luffy Nakama to no Chikai","Anime\One Piece 3D2Y_ Ace no Shi wo Koete! Luffy Nakama to no Chikai","True"
"Anime","One Piece Fan Letter","Anime\One Piece Fan Letter","True"
"Anime","One Piece Film_ Gold","Anime\One Piece Film_ Gold","True"
"Anime","One Piece Film_ Red","Anime\One Piece Film_ Red","True"
"Anime","One Piece Film_ Strong World","Anime\One Piece Film_ Strong World","True"
"Anime","One Piece Film_ Strong World Episode 0","Anime\One Piece Film_ Strong World Episode 0","True"
"Anime","One Piece Film_ Z","Anime\One Piece Film_ Z","True"
"Anime","One Piece Movie 06_ Omatsuri Danshaku to Himitsu no Shima","Anime\One Piece Movie 06_ Omatsuri Danshaku to Himitsu no Shima","True"
"Anime","One Piece Movie 14_ Stampede","Anime\One Piece Movie 14_ Stampede","True"
"Anime","One Piece_ Episode of East Blue - Luffy to 4-nin no Nakama no Daibouken","Anime\One Piece_ Episode of East Blue - Luffy to 4-nin no Nakama no Daibouken","True"
"Anime","One Piece_ Episode of Merry - Mou Hitori no Nakama no Monogatari","Anime\One Piece_ Episode of Merry - Mou Hitori no Nakama no Monogatari","True"
"Anime","One Piece_ Episode of Nami - Koukaishi no Namida to Nakama no Kizuna","Anime\One Piece_ Episode of Nami - Koukaishi no Namida to Nakama no Kizuna","True"
"Anime","One Piece_ Episode of Sabo - 3 Kyoudai no Kizuna Kiseki no Saikai to Uketsugareru Ishi","Anime\One Piece_ Episode of Sabo - 3 Kyoudai no Kizuna Kiseki no Saikai to Uketsugareru Ishi","True"
"Anime","One Piece_ Gyojin Tou-hen","Anime\One Piece_ Gyojin Tou-hen","True"
"Anime","One Punch Man","Anime\One Punch Man","True"
"Anime","One Punch Man Specials","Anime\One Punch Man Specials","True"
"Anime","One Punch Man_ Road to Hero","Anime\One Punch Man_ Road to Hero","True"
"Anime","Oniisama e","Anime\Oniisama e","True"
"Anime","Ookami Kodomo no Ame to Yuki","Anime\Ookami Kodomo no Ame to Yuki","True"
"Anime","Ookami to Koushinryou","Anime\Ookami to Koushinryou","True"
"Anime","Ookami to Koushinryou II","Anime\Ookami to Koushinryou II","True"
"Anime","Ookami to Koushinryou II_ Ookami to Kohakuiro no Yuuutsu","Anime\Ookami to Koushinryou II_ Ookami to Kohakuiro no Yuuutsu","True"
"Anime","Ookami to Koushinryou_ Merchant Meets the Wise Wolf","Anime\Ookami to Koushinryou_ Merchant Meets the Wise Wolf","True"
"Anime","Ookiku Furikabutte","Anime\Ookiku Furikabutte","True"
"Anime","Ookiku Furikabutte_ Natsu no Taikai-hen","Anime\Ookiku Furikabutte_ Natsu no Taikai-hen","True"
"Anime","Oomuro-ke_ Dear Friends","Anime\Oomuro-ke_ Dear Friends","True"
"Anime","Oomuro-ke_ Dear Sisters","Anime\Oomuro-ke_ Dear Sisters","True"
"Anime","Ore dake Level Up na Ken_ ReAwakening","Anime\Ore dake Level Up na Ken_ ReAwakening","True"
"Anime","Ore Monogatari!!","Anime\Ore Monogatari!!","True"
"Anime","Osomatsu-san","Anime\Osomatsu-san","True"
"Anime","Osomatsu-san Movie","Anime\Osomatsu-san Movie","True"
"Anime","Otonari no Tenshi-sama ni Itsunomanika Dame Ningen ni Sareteita Ken","Anime\Otonari no Tenshi-sama ni Itsunomanika Dame Ningen ni Sareteita Ken","True"
"Anime","Ouran High School Host Club","Anime\Ouran High School Host Club","True"
"Anime","Ousama Ranking","Anime\Ousama Ranking","True"
"Anime","Overlord","Anime\Overlord","True"
"Anime","Overlord II","Anime\Overlord II","True"
"Anime","Overlord III","Anime\Overlord III","True"
"Anime","Overlord IV","Anime\Overlord IV","True"
"Anime","Overlord Movie 2_ Shikkoku no Eiyuu","Anime\Overlord Movie 2_ Shikkoku no Eiyuu","True"
"Anime","Overlord Movie 3_ Sei Oukoku-hen","Anime\Overlord Movie 3_ Sei Oukoku-hen","True"
"Anime","Owarimonogatari","Anime\Owarimonogatari","True"
"Anime","Owarimonogatari 2nd Season Recaps","Anime\Owarimonogatari 2nd Season Recaps","True"
"Anime","Panty & Stocking with Garterbelt","Anime\Panty & Stocking with Garterbelt","True"
"Anime","Paprika","Anime\Paprika","True"
"Anime","Paradise Kiss","Anime\Paradise Kiss","True"
"Anime","Paranoia Agent","Anime\Paranoia Agent","True"
"Anime","Parasyte_ The Maxim","Anime\Parasyte_ The Maxim","True"
"Anime","Paripi Koumei","Anime\Paripi Koumei","True"
"Anime","Perfect Blue","Anime\Perfect Blue","True"
"Anime","Persona 3 the Movie 4_ Winter of Rebirth","Anime\Persona 3 the Movie 4_ Winter of Rebirth","True"
"Anime","Phantom_ Requiem for the Phantom","Anime\Phantom_ Requiem for the Phantom","True"
"Anime","Ping Pong the Animation","Anime\Ping Pong the Animation","True"
"Anime","Planetarian_ Hoshi no Hito","Anime\Planetarian_ Hoshi no Hito","True"
"Anime","Planetes","Anime\Planetes","True"
"Anime","Plastic Memories","Anime\Plastic Memories","True"
"Anime","Pluto","Anime\Pluto","True"
"Anime","Pokémon","Anime\Pokémon","True"
"Anime","Pokemon Concierge","Anime\Pokemon Concierge","True"
"Anime","Pokemon XY&Z","Anime\Pokemon XY&Z","True"
"Anime","Pokemon_ The Origin","Anime\Pokemon_ The Origin","True"
"Anime","Precure All Stars Movie F","Anime\Precure All Stars Movie F","True"
"Anime","Princess Connect! Re_Dive Season 2","Anime\Princess Connect! Re_Dive Season 2","True"
"Anime","Princess Principal_ Crown Handler 2","Anime\Princess Principal_ Crown Handler 2","True"
"Anime","Princess Principal_ Crown Handler 3","Anime\Princess Principal_ Crown Handler 3","True"
"Anime","Princess Sara","Anime\Princess Sara","True"
"Anime","Princess Tutu","Anime\Princess Tutu","True"
"Anime","Prism Rondo","Anime\Prism Rondo","True"
"Anime","Promare","Anime\Promare","True"
"Anime","Psycho-Pass","Anime\Psycho-Pass","True"
"Anime","Psycho-Pass 3_ First Inspector","Anime\Psycho-Pass 3_ First Inspector","True"
"Anime","Psycho-Pass Movie 1","Anime\Psycho-Pass Movie 1","True"
"Anime","Psycho-Pass_ Sinners of the System Case.3 - Onshuu no Kanata ni＿＿","Anime\Psycho-Pass_ Sinners of the System Case.3 - Onshuu no Kanata ni＿＿","True"
"Anime","Puella Magi Madoka Magica","Anime\Puella Magi Madoka Magica","True"
"Anime","Pui Pui Molcar","Anime\Pui Pui Molcar","True"
"Anime","Quanzhi Gaoshou","Anime\Quanzhi Gaoshou","True"
"Anime","Quanzhi Gaoshou 2","Anime\Quanzhi Gaoshou 2","True"
"Anime","Quanzhi Gaoshou Specials","Anime\Quanzhi Gaoshou Specials","True"
"Anime","Quanzhi Gaoshou_ Dianfeng Rongyao","Anime\Quanzhi Gaoshou_ Dianfeng Rongyao","True"
"Anime","Rainbow_ Nisha Rokubou no Shichinin","Anime\Rainbow_ Nisha Rokubou no Shichinin","True"
"Anime","Ramayana_ The Legend of Prince Rama","Anime\Ramayana_ The Legend of Prince Rama","True"
"Anime","Ranking of Kings","Anime\Ranking of Kings","True"
"Anime","Ranma ½","Anime\Ranma ½","True"
"Anime","Ranma ½ (2024)","Anime\Ranma ½ (2024)","True"
"Anime","Ranma ½ OVA","Anime\Ranma ½ OVA","True"
"Anime","Rascal Does Not Dream of Bunny Girl Senpai","Anime\Rascal Does Not Dream of Bunny Girl Senpai","True"
"Anime","Re_ Zero - Starting Life in Another World","Anime\Re_ Zero - Starting Life in Another World","True"
"Anime","Re_Zero kara Hajimeru Isekai Seikatsu","Anime\Re_Zero kara Hajimeru Isekai Seikatsu","True"
"Anime","Redline","Anime\Redline","True"
"Anime","ReLIFE","Anime\ReLIFE","True"
"Anime","ReLIFE_ Kanketsu-hen","Anime\ReLIFE_ Kanketsu-hen","True"
"Anime","Rising Impact Season 2","Anime\Rising Impact Season 2","True"
"Anime","Rock wa Lady no Tashinami deshite","Anime\Rock wa Lady no Tashinami deshite","True"
"Anime","Romantic Killer","Anime\Romantic Killer","True"
"Anime","Romeo no Aoi Sora","Anime\Romeo no Aoi Sora","True"
"Anime","Rozen Maiden_ Ouvertüre","Anime\Rozen Maiden_ Ouvertüre","True"
"Anime","Ruri no Houseki","Anime\Ruri no Houseki","True"
"Anime","Rurouni Kenshin","Anime\Rurouni Kenshin","True"
"Anime","Rurouni Kenshin_ Meiji Kenkaku Romantan","Anime\Rurouni Kenshin_ Meiji Kenkaku Romantan","True"
"Anime","Rurouni Kenshin_ Meiji Kenkaku Romantan - Kyoto Douran","Anime\Rurouni Kenshin_ Meiji Kenkaku Romantan - Kyoto Douran","True"
"Anime","Rurouni Kenshin_ Meiji Kenkaku Romantan - Seisou-hen","Anime\Rurouni Kenshin_ Meiji Kenkaku Romantan - Seisou-hen","True"
"Anime","Rurouni Kenshin_ Meiji Kenkaku Romantan - Tsuioku-hen","Anime\Rurouni Kenshin_ Meiji Kenkaku Romantan - Tsuioku-hen","True"
"Anime","Saenai Heroine no Sodatekata ♭","Anime\Saenai Heroine no Sodatekata ♭","True"
"Anime","Saenai Heroine no Sodatekata Fine","Anime\Saenai Heroine no Sodatekata Fine","True"
"Anime","Saiki Kusuo no Ψ-nan","Anime\Saiki Kusuo no Ψ-nan","True"
"Anime","Saiki Kusuo no Ψ-nan 2","Anime\Saiki Kusuo no Ψ-nan 2","True"
"Anime","Saiki Kusuo no Ψ-nan_ Kanketsu-hen","Anime\Saiki Kusuo no Ψ-nan_ Kanketsu-hen","True"
"Anime","Saiki Kusuo no Ψ-nan_ Ψ-shidou-hen","Anime\Saiki Kusuo no Ψ-nan_ Ψ-shidou-hen","True"
"Anime","Saint Seiya","Anime\Saint Seiya","True"
"Anime","Saint Seiya_ Knights of the Zodiac","Anime\Saint Seiya_ Knights of the Zodiac","True"
"Anime","Saint Seiya_ Meiou Hades Juuni Kyuu-hen","Anime\Saint Seiya_ Meiou Hades Juuni Kyuu-hen","True"
"Anime","Saint Seiya_ Meiou Hades Juuni Kyuu-hen - Yomigaerishi Gold Saint-tachi no Shinwa","Anime\Saint Seiya_ Meiou Hades Juuni Kyuu-hen - Yomigaerishi Gold Saint-tachi no Shinwa","True"
"Anime","Saint Seiya_ Meiou Hades Meikai-hen","Anime\Saint Seiya_ Meiou Hades Meikai-hen","True"
"Anime","Saint Seiya_ The Lost Canvas - Meiou Shinwa","Anime\Saint Seiya_ The Lost Canvas - Meiou Shinwa","True"
"Anime","Saint Seiya_ The Lost Canvas - Meiou Shinwa 2","Anime\Saint Seiya_ The Lost Canvas - Meiou Shinwa 2","True"
"Anime","Saint☆Oniisan (Movie)","Anime\Saint☆Oniisan (Movie)","True"
"Anime","Saiunkoku Monogatari","Anime\Saiunkoku Monogatari","True"
"Anime","Saiyuuki Gaiden","Anime\Saiyuuki Gaiden","True"
"Anime","Saiyuuki Reload_ Burial","Anime\Saiyuuki Reload_ Burial","True"
"Anime","Sakamichi no Apollon","Anime\Sakamichi no Apollon","True"
"Anime","Sakamoto Days Part 2","Anime\Sakamoto Days Part 2","True"
"Anime","Sakasama no Patema","Anime\Sakasama no Patema","True"
"Anime","Sakigake!! Cromartie Koukou","Anime\Sakigake!! Cromartie Koukou","True"
"Anime","Sakura-sou no Pet na Kanojo","Anime\Sakura-sou no Pet na Kanojo","True"
"Anime","Samurai Champloo","Anime\Samurai Champloo","True"
"Anime","Saraiya Goyou","Anime\Saraiya Goyou","True"
"Anime","Sasaki to Miyano","Anime\Sasaki to Miyano","True"
"Anime","Sasaki to Miyano Movie_ Sotsugyou-hen","Anime\Sasaki to Miyano Movie_ Sotsugyou-hen","True"
"Anime","Sayonara Lara","Anime\Sayonara Lara","True"
"Anime","Sayonara no Asa ni Yakusoku no Hana wo Kazarou","Anime\Sayonara no Asa ni Yakusoku no Hana wo Kazarou","True"
"Anime","Sayonara Zetsubou Sensei","Anime\Sayonara Zetsubou Sensei","True"
"Anime","School Rumble","Anime\School Rumble","True"
"Anime","School Rumble Ni Gakki","Anime\School Rumble Ni Gakki","True"
"Anime","School Rumble_ Ichi Gakki Hoshuu","Anime\School Rumble_ Ichi Gakki Hoshuu","True"
"Anime","Seihantai na Kimi to Boku","Anime\Seihantai na Kimi to Boku","True"
"Anime","Seihou Bukyou Outlaw Star","Anime\Seihou Bukyou Outlaw Star","True"
"Anime","Seikai no Senki II","Anime\Seikai no Senki II","True"
"Anime","Seirei no Moribito","Anime\Seirei no Moribito","True"
"Anime","Seishun Buta Yarou wa Bunny Girl Senpai no Yume wo Minai","Anime\Seishun Buta Yarou wa Bunny Girl Senpai no Yume wo Minai","True"
"Anime","Seishun Buta Yarou wa Odekake Sister no Yume wo Minai","Anime\Seishun Buta Yarou wa Odekake Sister no Yume wo Minai","True"
"Anime","Seishun Buta Yarou wa Randoseru Girl no Yume wo Minai","Anime\Seishun Buta Yarou wa Randoseru Girl no Yume wo Minai","True"
"Anime","Seishun Buta Yarou wa Santa Claus no Yume wo Minai","Anime\Seishun Buta Yarou wa Santa Claus no Yume wo Minai","True"
"Anime","Seishun Buta Yarou wa Yumemiru Shoujo no Yume wo Minai","Anime\Seishun Buta Yarou wa Yumemiru Shoujo no Yume wo Minai","True"
"Anime","Seitokai Yakuindomo Movie","Anime\Seitokai Yakuindomo Movie","True"
"Anime","Seitokai Yakuindomo Movie 2","Anime\Seitokai Yakuindomo Movie 2","True"
"Anime","Seitokai Yakuindomo OVA","Anime\Seitokai Yakuindomo OVA","True"
"Anime","Sekaiichi Hatsukoi 2","Anime\Sekaiichi Hatsukoi 2","True"
"Anime","Sekaiichi Hatsukoi Movie_ Yokozawa Takafumi no Baai","Anime\Sekaiichi Hatsukoi Movie_ Yokozawa Takafumi no Baai","True"
"Anime","Sekaiichi Hatsukoi OVA","Anime\Sekaiichi Hatsukoi OVA","True"
"Anime","Sekaiichi Hatsukoi_ Valentine-hen","Anime\Sekaiichi Hatsukoi_ Valentine-hen","True"
"Anime","Sen to Chihiro no Kamikakushi","Anime\Sen to Chihiro no Kamikakushi","True"
"Anime","Senki Zesshou Symphogear XV","Anime\Senki Zesshou Symphogear XV","True"
"Anime","Sennen Joyuu","Anime\Sennen Joyuu","True"
"Anime","Serial Experiments Lain","Anime\Serial Experiments Lain","True"
"Anime","Seto no Hanayome OVA","Anime\Seto no Hanayome OVA","True"
"Anime","Shadows House","Anime\Shadows House","True"
"Anime","Shaman King","Anime\Shaman King","True"
"Anime","Shangri-La Frontier_ Kusoge Hunter, Kamige ni Idoman to su","Anime\Shangri-La Frontier_ Kusoge Hunter, Kamige ni Idoman to su","True"
"Anime","Shanhe Jian Xin","Anime\Shanhe Jian Xin","True"
"Anime","Shen Mu_ Nian Fan","Anime\Shen Mu_ Nian Fan","True"
"Anime","Shen Yin Wangzuo","Anime\Shen Yin Wangzuo","True"
"Anime","Shen Yin Wangzuo Movie_ Yi Lai Ke Si Chuanqi","Anime\Shen Yin Wangzuo Movie_ Yi Lai Ke Si Chuanqi","True"
"Anime","Shigatsu wa Kimi no Uso_ Moments","Anime\Shigatsu wa Kimi no Uso_ Moments","True"
"Anime","Shiguang Dailiren","Anime\Shiguang Dailiren","True"
"Anime","Shiguang Dailiren Fanwai Pian_ Biwu Zhaoqin","Anime\Shiguang Dailiren Fanwai Pian_ Biwu Zhaoqin","True"
"Anime","Shiguang Dailiren II","Anime\Shiguang Dailiren II","True"
"Anime","Shiguang Dailiren III","Anime\Shiguang Dailiren III","True"
"Anime","Shiguang Dailiren_ Yingdu Pian","Anime\Shiguang Dailiren_ Yingdu Pian","True"
"Anime","Shijou Saikyou no Deshi Kenichi","Anime\Shijou Saikyou no Deshi Kenichi","True"
"Anime","Shijou Saikyou no Deshi Kenichi OVA","Anime\Shijou Saikyou no Deshi Kenichi OVA","True"
"Anime","Shiki","Anime\Shiki","True"
"Anime","Shiki Specials","Anime\Shiki Specials","True"
"Anime","Shin Evangelion Movie___","Anime\Shin Evangelion Movie___","True"
"Anime","Shin Kidou Senki Gundam Wing_ Endless Waltz","Anime\Shin Kidou Senki Gundam Wing_ Endless Waltz","True"
"Anime","Shin Kidou Senki Gundam Wing_ Endless Waltz Tokubetsu-hen","Anime\Shin Kidou Senki Gundam Wing_ Endless Waltz Tokubetsu-hen","True"
"Anime","Shingeki no Kyojin Movie 1_ Guren no Yumiya","Anime\Shingeki no Kyojin Movie 1_ Guren no Yumiya","True"
"Anime","Shingeki no Kyojin Movie 2_ Jiyuu no Tsubasa","Anime\Shingeki no Kyojin Movie 2_ Jiyuu no Tsubasa","True"
"Anime","Shingeki no Kyojin Movie_ Kanketsu-hen - The Last Attack","Anime\Shingeki no Kyojin Movie_ Kanketsu-hen - The Last Attack","True"
"Anime","Shingeki no Kyojin OVA","Anime\Shingeki no Kyojin OVA","True"
"Anime","Shingeki no Kyojin Season 2 Movie_ Kakusei no Houkou","Anime\Shingeki no Kyojin Season 2 Movie_ Kakusei no Houkou","True"
"Anime","Shingeki no Kyojin_ Chronicle","Anime\Shingeki no Kyojin_ Chronicle","True"
"Anime","Shingeki no Kyojin_ Kuinaki Sentaku","Anime\Shingeki no Kyojin_ Kuinaki Sentaku","True"
"Anime","Shingeki no Kyojin_ Lost Girls","Anime\Shingeki no Kyojin_ Lost Girls","True"
"Anime","Shingeki no Kyojin_ The Final Season - Kanketsu-hen","Anime\Shingeki no Kyojin_ The Final Season - Kanketsu-hen","True"
"Anime","Shingeki no Kyojin_ The Final Season Specials","Anime\Shingeki no Kyojin_ The Final Season Specials","True"
"Anime","Shinigami Bocchan to Kuro Maid 3rd Season","Anime\Shinigami Bocchan to Kuro Maid 3rd Season","True"
"Anime","Shinseiki Evangelion Movie_ Air_Magokoro wo, Kimi ni","Anime\Shinseiki Evangelion Movie_ Air_Magokoro wo, Kimi ni","True"
"Anime","Shinsekai yori","Anime\Shinsekai yori","True"
"Anime","Shirobako","Anime\Shirobako","True"
"Anime","Shirokuma Cafe","Anime\Shirokuma Cafe","True"
"Anime","Shokugeki no Souma","Anime\Shokugeki no Souma","True"
"Anime","Shokugeki no Souma_ Ni no Sara","Anime\Shokugeki no Souma_ Ni no Sara","True"
"Anime","Shokugeki no Souma_ San no Sara","Anime\Shokugeki no Souma_ San no Sara","True"
"Anime","Shokugeki no Souma_ San no Sara - Tootsuki Ressha-hen","Anime\Shokugeki no Souma_ San no Sara - Tootsuki Ressha-hen","True"
"Anime","Shokugeki no Souma_ Shin no Sara","Anime\Shokugeki no Souma_ Shin no Sara","True"
"Anime","Shoujo Kakumei Utena","Anime\Shoujo Kakumei Utena","True"
"Anime","Shoujo Kakumei Utena_ Adolescence Mokushiroku","Anime\Shoujo Kakumei Utena_ Adolescence Mokushiroku","True"
"Anime","Shoujo Shuumatsu Ryokou","Anime\Shoujo Shuumatsu Ryokou","True"
"Anime","Shoujo☆Kageki Revue Starlight Movie","Anime\Shoujo☆Kageki Revue Starlight Movie","True"
"Anime","Shounan Bakusouzoku","Anime\Shounan Bakusouzoku","True"
"Anime","Shoushimin Series 2nd Season","Anime\Shoushimin Series 2nd Season","True"
"Anime","Shouwa Genroku Rakugo Shinjuu","Anime\Shouwa Genroku Rakugo Shinjuu","True"
"Anime","Shouwa Genroku Rakugo Shinjuu_ Sukeroku Futatabi-hen","Anime\Shouwa Genroku Rakugo Shinjuu_ Sukeroku Futatabi-hen","True"
"Anime","Shunkashuutou Daikousha_ Haru no Mai","Anime\Shunkashuutou Daikousha_ Haru no Mai","True"
"Anime","Sidonia no Kishi_ Daikyuu Wakusei Seneki","Anime\Sidonia no Kishi_ Daikyuu Wakusei Seneki","True"
"Anime","Silent Witch_ Chinmoku no Majo no Kakushigoto","Anime\Silent Witch_ Chinmoku no Majo no Kakushigoto","True"
"Anime","SK∞","Anime\SK∞","True"
"Anime","SK∞ OVA_ Extra Part","Anime\SK∞ OVA_ Extra Part","True"
"Anime","SKET Dance","Anime\SKET Dance","True"
"Anime","SKET Dance_ Imouto no Nayami ni Nayamu Ani ni Nayamu Imouto to Sono Nakama-tachi","Anime\SKET Dance_ Imouto no Nayami ni Nayamu Ani ni Nayamu Imouto to Sono Nakama-tachi","True"
"Anime","Skip Beat!","Anime\Skip Beat!","True"
"Anime","Skip to Loafer","Anime\Skip to Loafer","True"
"Anime","Slam Dunk","Anime\Slam Dunk","True"
"Anime","Slayers","Anime\Slayers","True"
"Anime","Slayers Next","Anime\Slayers Next","True"
"Anime","Slayers Try","Anime\Slayers Try","True"
"Anime","Solo Leveling","Anime\Solo Leveling","True"
"Anime","Somali to Mori no Kamisama","Anime\Somali to Mori no Kamisama","True"
"Anime","Sonny Boy","Anime\Sonny Boy","True"
"Anime","Sono Bisque Doll wa Koi wo Suru","Anime\Sono Bisque Doll wa Koi wo Suru","True"
"Anime","Sora yori mo Tooi Basho","Anime\Sora yori mo Tooi Basho","True"
"Anime","Soukou Kihei Votoms","Anime\Soukou Kihei Votoms","True"
"Anime","Soul Eater","Anime\Soul Eater","True"
"Anime","Space☆Dandy","Anime\Space☆Dandy","True"
"Anime","Spy x Family","Anime\Spy x Family","True"
"Anime","Spy x Family Movie_ Code_ White","Anime\Spy x Family Movie_ Code_ White","True"
"Anime","Stand By Me Doraemon","Anime\Stand By Me Doraemon","True"
"Anime","Stand By Me Doraemon 2","Anime\Stand By Me Doraemon 2","True"
"Anime","Star☆Twinkle Precure_ Hoshi no Uta ni Omoi wo Komete","Anime\Star☆Twinkle Precure_ Hoshi no Uta ni Omoi wo Komete","True"
"Anime","Steel Ball Run_ JoJo no Kimyou na Bouken","Anime\Steel Ball Run_ JoJo no Kimyou na Bouken","True"
"Anime","Steins;Gate","Anime\Steins;Gate","True"
"Anime","Steins;Gate 0","Anime\Steins;Gate 0","True"
"Anime","Steins;Gate Movie_ Fuka Ryouiki no Déjà vu","Anime\Steins;Gate Movie_ Fuka Ryouiki no Déjà vu","True"
"Anime","Steins;Gate_ Kyoukaimenjou no Missing Link - Divide By Zero","Anime\Steins;Gate_ Kyoukaimenjou no Missing Link - Divide By Zero","True"
"Anime","Steins;Gate_ Oukoubakko no Poriomania","Anime\Steins;Gate_ Oukoubakko no Poriomania","True"
"Anime","Stranger_ Mukou Hadan","Anime\Stranger_ Mukou Hadan","True"
"Anime","Summer Ghost","Anime\Summer Ghost","True"
"Anime","Summer Wars","Anime\Summer Wars","True"
"Anime","Summertime Render","Anime\Summertime Render","True"
"Anime","Super no Ura de Yani Suu Futari","Anime\Super no Ura de Yani Suu Futari","True"
"Anime","Suzume no Tojimari","Anime\Suzume no Tojimari","True"
"Anime","Suzumiya Haruhi no Shoushitsu","Anime\Suzumiya Haruhi no Shoushitsu","True"
"Anime","Suzumiya Haruhi no Yuuutsu","Anime\Suzumiya Haruhi no Yuuutsu","True"
"Anime","Sword Art Online","Anime\Sword Art Online","True"
"Anime","Sword Art Online_ Progressive Movie - Hoshi Naki Yoru no Aria","Anime\Sword Art Online_ Progressive Movie - Hoshi Naki Yoru no Aria","True"
"Anime","Sword Art Online_ Progressive Movie - Kuraki Yuuyami no Scherzo","Anime\Sword Art Online_ Progressive Movie - Kuraki Yuuyami no Scherzo","True"
"Anime","Tadaima, Okaeri","Anime\Tadaima, Okaeri","True"
"Anime","Taishou Otome Otogibanashi","Anime\Taishou Otome Otogibanashi","True"
"Anime","Taiyou no Ko Esteban","Anime\Taiyou no Ko Esteban","True"
"Anime","Takarajima","Anime\Takarajima","True"
"Anime","Takopii no Genzai","Anime\Takopii no Genzai","True"
"Anime","Tamako Love Story","Anime\Tamako Love Story","True"
"Anime","Tamayura_ Sotsugyou Shashin Part 1 - Kizashi","Anime\Tamayura_ Sotsugyou Shashin Part 1 - Kizashi","True"
"Anime","Tamayura_ Sotsugyou Shashin Part 2 - Hibiki","Anime\Tamayura_ Sotsugyou Shashin Part 2 - Hibiki","True"
"Anime","Tamayura_ Sotsugyou Shashin Part 3 - Akogare","Anime\Tamayura_ Sotsugyou Shashin Part 3 - Akogare","True"
"Anime","Tamayura_ Sotsugyou Shashin Part 4 - Ashita","Anime\Tamayura_ Sotsugyou Shashin Part 4 - Ashita","True"
"Anime","Tamon-kun Ima Docchi!_","Anime\Tamon-kun Ima Docchi!_","True"
"Anime","Tanaka-kun wa Itsumo Kedaruge","Anime\Tanaka-kun wa Itsumo Kedaruge","True"
"Anime","Tanoshii Muumin Ikka","Anime\Tanoshii Muumin Ikka","True"
"Anime","Tantei Gakuen Q","Anime\Tantei Gakuen Q","True"
"Anime","Tasogare Otome x Amnesia","Anime\Tasogare Otome x Amnesia","True"
"Anime","Tate no Yuusha no Nariagari","Anime\Tate no Yuusha no Nariagari","True"
"Anime","Tegamibachi Reverse","Anime\Tegamibachi Reverse","True"
"Anime","Tekkon Kinkreet","Anime\Tekkon Kinkreet","True"
"Anime","Tengen Toppa Gurren Lagann","Anime\Tengen Toppa Gurren Lagann","True"
"Anime","Tengen Toppa Gurren Lagann Movie 1_ Gurren-hen","Anime\Tengen Toppa Gurren Lagann Movie 1_ Gurren-hen","True"
"Anime","Tengen Toppa Gurren Lagann Movie 2_ Lagann-hen","Anime\Tengen Toppa Gurren Lagann Movie 2_ Lagann-hen","True"
"Anime","Tengoku Daimakyou","Anime\Tengoku Daimakyou","True"
"Anime","Tenki no Ko","Anime\Tenki no Ko","True"
"Anime","Tenkuu no Shiro Laputa","Anime\Tenkuu no Shiro Laputa","True"
"Anime","Tenmaku no Jaadugar","Anime\Tenmaku no Jaadugar","True"
"Anime","Tennis no Oujisama","Anime\Tennis no Oujisama","True"
"Anime","Tennis no Oujisama_ Zenkoku Taikai-hen","Anime\Tennis no Oujisama_ Zenkoku Taikai-hen","True"
"Anime","Tennis no Oujisama_ Zenkoku Taikai-hen - Final","Anime\Tennis no Oujisama_ Zenkoku Taikai-hen - Final","True"
"Anime","Tennis no Oujisama_ Zenkoku Taikai-hen - Semifinal","Anime\Tennis no Oujisama_ Zenkoku Taikai-hen - Semifinal","True"
"Anime","Tenshi no Tamago","Anime\Tenshi no Tamago","True"
"Anime","Tentai Senshi Sunred","Anime\Tentai Senshi Sunred","True"
"Anime","Terra e... (TV)","Anime\Terra e... (TV)","True"
"Anime","Tetsuwan Birdy Decode_02","Anime\Tetsuwan Birdy Decode_02","True"
"Anime","Texhnolyze","Anime\Texhnolyze","True"
"Anime","That Time I Got Reincarnated as a Slime","Anime\That Time I Got Reincarnated as a Slime","True"
"Anime","The Disastrous Life of Saiki K","Anime\The Disastrous Life of Saiki K","True"
"Anime","The Fable","Anime\The Fable","True"
"Anime","The First Slam Dunk","Anime\The First Slam Dunk","True"
"Anime","The iDOLM@STER Cinderella Girls_ U149","Anime\The iDOLM@STER Cinderella Girls_ U149","True"
"Anime","The Last_ Naruto the Movie","Anime\The Last_ Naruto the Movie","True"
"Anime","The Promised Neverland","Anime\The Promised Neverland","True"
"Anime","The Seven Deadly Sins","Anime\The Seven Deadly Sins","True"
"Anime","Tian Guan Cifu","Anime\Tian Guan Cifu","True"
"Anime","Tian Guan Cifu Er","Anime\Tian Guan Cifu Er","True"
"Anime","Tian Guan Cifu Short Films","Anime\Tian Guan Cifu Short Films","True"
"Anime","Tian Guan Cifu Special","Anime\Tian Guan Cifu Special","True"
"Anime","Tianbao Fuyao Lu 2nd Season","Anime\Tianbao Fuyao Lu 2nd Season","True"
"Anime","Tiger & Bunny","Anime\Tiger & Bunny","True"
"Anime","Tiger & Bunny Movie 2_ The Rising","Anime\Tiger & Bunny Movie 2_ The Rising","True"
"Anime","To Your Eternity","Anime\To Your Eternity","True"
"Anime","Toaru Kagaku no Railgun S","Anime\Toaru Kagaku no Railgun S","True"
"Anime","Toaru Kagaku no Railgun T","Anime\Toaru Kagaku no Railgun T","True"
"Anime","Toki wo Kakeru Shoujo","Anime\Toki wo Kakeru Shoujo","True"
"Anime","Tokyo Ghoul","Anime\Tokyo Ghoul","True"
"Anime","Tokyo Godfathers","Anime\Tokyo Godfathers","True"
"Anime","Tokyo Magnitude 8.0","Anime\Tokyo Magnitude 8.0","True"
"Anime","Tokyo Revengers","Anime\Tokyo Revengers","True"
"Anime","Tokyo Revengers_ Tenjiku-hen","Anime\Tokyo Revengers_ Tenjiku-hen","True"
"Anime","Tomo-chan wa Onnanoko!","Anime\Tomo-chan wa Onnanoko!","True"
"Anime","Tomodachi Game","Anime\Tomodachi Game","True"
"Anime","Tonari no Totoro","Anime\Tonari no Totoro","True"
"Anime","Tongari Boushi no Atelier","Anime\Tongari Boushi no Atelier","True"
"Anime","Tonikaku Kawaii","Anime\Tonikaku Kawaii","True"
"Anime","Tonikaku Kawaii_ Joshikou-hen","Anime\Tonikaku Kawaii_ Joshikou-hen","True"
"Anime","Tonikaku Kawaii_ Seifuku","Anime\Tonikaku Kawaii_ Seifuku","True"
"Anime","Tonikaku Kawaii_ SNS","Anime\Tonikaku Kawaii_ SNS","True"
"Anime","Top wo Nerae! Gunbuster","Anime\Top wo Nerae! Gunbuster","True"
"Anime","Toradora!","Anime\Toradora!","True"
"Anime","Toshokan Sensou_ Kakumei no Tsubasa","Anime\Toshokan Sensou_ Kakumei no Tsubasa","True"
"Anime","Touch","Anime\Touch","True"
"Anime","Touhai Densetsu Akagi_ Yami ni Maiorita Tensai","Anime\Touhai Densetsu Akagi_ Yami ni Maiorita Tensai","True"
"Anime","Toujima Tanzaburou wa Kamen Rider ni Naritai","Anime\Toujima Tanzaburou wa Kamen Rider ni Naritai","True"
"Anime","Toumei na Yoru ni Kakeru Kimi to, Me ni Mienai Koi wo Shita","Anime\Toumei na Yoru ni Kakeru Kimi to, Me ni Mienai Koi wo Shita","True"
"Anime","Trigun","Anime\Trigun","True"
"Anime","Trigun Stampede","Anime\Trigun Stampede","True"
"Anime","Trigun_ Badlands Rumble","Anime\Trigun_ Badlands Rumble","True"
"Anime","Tsubasa_ Shunraiki","Anime\Tsubasa_ Shunraiki","True"
"Anime","Tsubasa_ Tokyo Revelations","Anime\Tsubasa_ Tokyo Revelations","True"
"Anime","Tsue to Tsurugi no Wistoria","Anime\Tsue to Tsurugi no Wistoria","True"
"Anime","Tsuki ga Kirei","Anime\Tsuki ga Kirei","True"
"Anime","Tsuki ga Michibiku Isekai Douchuu","Anime\Tsuki ga Michibiku Isekai Douchuu","True"
"Anime","Tsukimonogatari","Anime\Tsukimonogatari","True"
"Anime","Tsumiki no Ie","Anime\Tsumiki no Ie","True"
"Anime","Tsurune_ Kazemai Koukou Kyuudou-bu","Anime\Tsurune_ Kazemai Koukou Kyuudou-bu","True"
"Anime","Tsurune_ Tsunagari no Issha","Anime\Tsurune_ Tsunagari no Issha","True"
"Anime","Tteotda Keunyeo!!","Anime\Tteotda Keunyeo!!","True"
"Anime","Tu Bian Yingxiong X","Anime\Tu Bian Yingxiong X","True"
"Anime","Tu Bian Yingxiong X Concept Movie","Anime\Tu Bian Yingxiong X Concept Movie","True"
"Anime","Tunshi Xingkong","Anime\Tunshi Xingkong","True"
"Anime","Tunshi Xingkong Movie_ Juezhan Yuanshi Xing","Anime\Tunshi Xingkong Movie_ Juezhan Yuanshi Xing","True"
"Anime","Tunshi Xingkong Movie_ Xueluo Dalu","Anime\Tunshi Xingkong Movie_ Xueluo Dalu","True"
"Anime","Turn A Gundam","Anime\Turn A Gundam","True"
"Anime","Uchouten Kazoku","Anime\Uchouten Kazoku","True"
"Anime","Uchouten Kazoku 2","Anime\Uchouten Kazoku 2","True"
"Anime","Uchuu Kaizoku Captain Herlock","Anime\Uchuu Kaizoku Captain Herlock","True"
"Anime","Uchuu Kyoudai","Anime\Uchuu Kyoudai","True"
"Anime","Uchuu Senkan Yamato 2199","Anime\Uchuu Senkan Yamato 2199","True"
"Anime","Uchuu Senkan Yamato 2199_ Hoshimeguru Hakobune","Anime\Uchuu Senkan Yamato 2199_ Hoshimeguru Hakobune","True"
"Anime","Udon no Kuni no Kiniro Kemari","Anime\Udon no Kuni no Kiniro Kemari","True"
"Anime","Ueki no Housoku","Anime\Ueki no Housoku","True"
"Anime","Uma Musume_ Cinderella Gray","Anime\Uma Musume_ Cinderella Gray","True"
"Anime","Uma Musume_ Pretty Derby","Anime\Uma Musume_ Pretty Derby","True"
"Anime","Uma Musume_ Pretty Derby - Road to the Top","Anime\Uma Musume_ Pretty Derby - Road to the Top","True"
"Anime","Uma Musume_ Pretty Derby - Road to the Top (Movie)","Anime\Uma Musume_ Pretty Derby - Road to the Top (Movie)","True"
"Anime","Uma Musume_ Pretty Derby - Shin Jidai no Tobira","Anime\Uma Musume_ Pretty Derby - Shin Jidai no Tobira","True"
"Anime","Umibe no Étranger","Anime\Umibe no Étranger","True"
"Anime","Undead Girl Murder Farce","Anime\Undead Girl Murder Farce","True"
"Anime","Undead Unluck","Anime\Undead Unluck","True"
"Anime","Uramichi Oniisan","Anime\Uramichi Oniisan","True"
"Anime","Urusei Yatsura","Anime\Urusei Yatsura","True"
"Anime","Urusei Yatsura (2022) 2nd Season","Anime\Urusei Yatsura (2022) 2nd Season","True"
"Anime","Urusei Yatsura 2_ Beautiful Dreamer","Anime\Urusei Yatsura 2_ Beautiful Dreamer","True"
"Anime","Usagi Drop","Anime\Usagi Drop","True"
"Anime","Usagi Drop Specials","Anime\Usagi Drop Specials","True"
"Anime","Ushio to Tora (TV) 2nd Season","Anime\Ushio to Tora (TV) 2nd Season","True"
"Anime","Ushiro no Shoumen Daare","Anime\Ushiro no Shoumen Daare","True"
"Anime","Vampire Hunter D (2000)","Anime\Vampire Hunter D (2000)","True"
"Anime","Vanitas no Karte","Anime\Vanitas no Karte","True"
"Anime","Versailles no Bara","Anime\Versailles no Bara","True"
"Anime","Vinland Saga","Anime\Vinland Saga","True"
"Anime","Violet Evergarden","Anime\Violet Evergarden","True"
"Anime","Violet Evergarden Gaiden_ Eien to Jidou Shuki Ningyou","Anime\Violet Evergarden Gaiden_ Eien to Jidou Shuki Ningyou","True"
"Anime","Violet Evergarden Movie","Anime\Violet Evergarden Movie","True"
"Anime","Violet Evergarden_ Kitto _Ai_ wo Shiru Hi ga Kuru no Darou","Anime\Violet Evergarden_ Kitto _Ai_ wo Shiru Hi ga Kuru no Darou","True"
"Anime","Violet Evergarden_ Recollections","Anime\Violet Evergarden_ Recollections","True"
"Anime","Vivy_ Fluorite Eye's Song","Anime\Vivy_ Fluorite Eye's Song","True"
"Anime","Wan Sheng Jie","Anime\Wan Sheng Jie","True"
"Anime","Wan Sheng Jie 2","Anime\Wan Sheng Jie 2","True"
"Anime","Wan Sheng Jie 3","Anime\Wan Sheng Jie 3","True"
"Anime","Wan Sheng Jie 4","Anime\Wan Sheng Jie 4","True"
"Anime","Wanmei Shijie","Anime\Wanmei Shijie","True"
"Anime","Watashi ga Koibito ni Nareru Wake Nai jan, Muri Muri! (※Muri ja Nakatta!_)","Anime\Watashi ga Koibito ni Nareru Wake Nai jan, Muri Muri! (※Muri ja Nakatta!_)","True"
"Anime","Watashi ga Koibito ni Nareru Wake Nai jan, Muri Muri! (※Muri ja Nakatta!_) (TV Special)","Anime\Watashi ga Koibito ni Nareru Wake Nai jan, Muri Muri! (※Muri ja Nakatta!_) (TV Special)","True"
"Anime","Watashi no Ashinaga Ojisan","Anime\Watashi no Ashinaga Ojisan","True"
"Anime","Wind Breaker","Anime\Wind Breaker","True"
"Anime","Wolf's Rain","Anime\Wolf's Rain","True"
"Anime","Wolf's Rain OVA","Anime\Wolf's Rain OVA","True"
"Anime","Working!!","Anime\Working!!","True"
"Anime","Working!!! Lord of the Takanashi","Anime\Working!!! Lord of the Takanashi","True"
"Anime","World Trigger","Anime\World Trigger","True"
"Anime","Wotaku ni Koi wa Muzukashii","Anime\Wotaku ni Koi wa Muzukashii","True"
"Anime","Wotaku ni Koi wa Muzukashii OVA","Anime\Wotaku ni Koi wa Muzukashii OVA","True"
"Anime","Wu Dong Qian Kun 3rd Season","Anime\Wu Dong Qian Kun 3rd Season","True"
"Anime","Wu Dong Qian Kun 4th Season","Anime\Wu Dong Qian Kun 4th Season","True"
"Anime","Wu Dong Qian Kun 5th Season","Anime\Wu Dong Qian Kun 5th Season","True"
"Anime","Wu Dong Qian Kun 6th Season","Anime\Wu Dong Qian Kun 6th Season","True"
"Anime","Wu Liuqi_ Anying Suming","Anime\Wu Liuqi_ Anying Suming","True"
"Anime","Wu Liuqi_ Jiyi Suipian","Anime\Wu Liuqi_ Jiyi Suipian","True"
"Anime","Wu Liuqi_ Xuanwu Guo Pian","Anime\Wu Liuqi_ Xuanwu Guo Pian","True"
"Anime","Wu Liuqi_ Zui Qiang Fa Xing Shi","Anime\Wu Liuqi_ Zui Qiang Fa Xing Shi","True"
"Anime","Wu Shan Wu Xing (2020)","Anime\Wu Shan Wu Xing (2020)","True"
"Anime","Wu Shan Wu Xing_ Xichuan Huan Zi Lin","Anime\Wu Shan Wu Xing_ Xichuan Huan Zi Lin","True"
"Anime","Xian Ni","Anime\Xian Ni","True"
"Anime","Xian Ni Movie_ Shenlin Zhi Zhan","Anime\Xian Ni Movie_ Shenlin Zhi Zhan","True"
"Anime","Xingchen Bian 4th Season","Anime\Xingchen Bian 4th Season","True"
"Anime","Xingchen Bian 5th Season","Anime\Xingchen Bian 5th Season","True"
"Anime","Xingchen Bian 6th Season","Anime\Xingchen Bian 6th Season","True"
"Anime","xxxHOLiC","Anime\xxxHOLiC","True"
"Anime","xxxHOLiC Movie_ Manatsu no Yoru no Yume","Anime\xxxHOLiC Movie_ Manatsu no Yoru no Yume","True"
"Anime","xxxHOLiC Rou","Anime\xxxHOLiC Rou","True"
"Anime","xxxHOLiC Shunmuki","Anime\xxxHOLiC Shunmuki","True"
"Anime","xxxHOLiC◆Kei","Anime\xxxHOLiC◆Kei","True"
"Anime","Yagate Kimi ni Naru","Anime\Yagate Kimi ni Naru","True"
"Anime","Yahari Ore no Seishun Love Comedy wa Machigatteiru","Anime\Yahari Ore no Seishun Love Comedy wa Machigatteiru","True"
"Anime","Yahari Ore no Seishun Love Comedy wa Machigatteiru. Kan","Anime\Yahari Ore no Seishun Love Comedy wa Machigatteiru. Kan","True"
"Anime","Yahari Ore no Seishun Love Comedy wa Machigatteiru. Kan_ Dakara, Shishunki wa Owarazu ni, Seishun wa Tsuzuiteiku","Anime\Yahari Ore no Seishun Love Comedy wa Machigatteiru. Kan_ Dakara, Shishunki wa Owarazu ni, Seishun wa Tsuzuiteiku","True"
"Anime","Yahari Ore no Seishun Love Comedy wa Machigatteiru. Zoku","Anime\Yahari Ore no Seishun Love Comedy wa Machigatteiru. Zoku","True"
"Anime","Yahari Ore no Seishun Love Comedy wa Machigatteiru. Zoku OVA","Anime\Yahari Ore no Seishun Love Comedy wa Machigatteiru. Zoku OVA","True"
"Anime","Yakitate!! Japan","Anime\Yakitate!! Japan","True"
"Anime","Yamada-kun to Lv999 no Koi wo Suru","Anime\Yamada-kun to Lv999 no Koi wo Suru","True"
"Anime","Yamato Nadeshiko Shichihenge♥","Anime\Yamato Nadeshiko Shichihenge♥","True"
"Anime","Yao Shen Ji 7th Season","Anime\Yao Shen Ji 7th Season","True"
"Anime","Yao Shen Ji 8th Season","Anime\Yao Shen Ji 8th Season","True"
"Anime","Yeon-ui Pyeonji","Anime\Yeon-ui Pyeonji","True"
"Anime","Yi Nian Yong Heng","Anime\Yi Nian Yong Heng","True"
"Anime","Yofukashi no Uta","Anime\Yofukashi no Uta","True"
"Anime","Yojouhan Shinwa Taikei","Anime\Yojouhan Shinwa Taikei","True"
"Anime","Yojouhan Time Machine Blues","Anime\Yojouhan Time Machine Blues","True"
"Anime","Yomi no Tsugai","Anime\Yomi no Tsugai","True"
"Anime","Yoru no Kurage wa Oyogenai","Anime\Yoru no Kurage wa Oyogenai","True"
"Anime","Yoru wa Mijikashi Arukeyo Otome","Anime\Yoru wa Mijikashi Arukeyo Otome","True"
"Anime","You Shou Yan","Anime\You Shou Yan","True"
"Anime","Youjo Senki","Anime\Youjo Senki","True"
"Anime","Youjo Senki II","Anime\Youjo Senki II","True"
"Anime","Youjo Senki Movie","Anime\Youjo Senki Movie","True"
"Anime","Youkoso Jitsuryoku Shijou Shugi no Kyoushitsu e","Anime\Youkoso Jitsuryoku Shijou Shugi no Kyoushitsu e","True"
"Anime","Youkoso Jitsuryoku Shijou Shugi no Kyoushitsu e 4th Season_ 2-nensei-hen 1 Gakki","Anime\Youkoso Jitsuryoku Shijou Shugi no Kyoushitsu e 4th Season_ 2-nensei-hen 1 Gakki","True"
"Anime","Your Lie in April","Anime\Your Lie in April","True"
"Anime","Yowamushi Pedal","Anime\Yowamushi Pedal","True"
"Anime","Yowamushi Pedal_ Grande Road","Anime\Yowamushi Pedal_ Grande Road","True"
"Anime","Yu Yu Hakusho_ Ghost Files","Anime\Yu Yu Hakusho_ Ghost Files","True"
"Anime","Yuanshen_ Jinzhong Ge","Anime\Yuanshen_ Jinzhong Ge","True"
"Anime","Yuanshen_ Weixing Zhi Lu","Anime\Yuanshen_ Weixing Zhi Lu","True"
"Anime","Yubisaki to Renren","Anime\Yubisaki to Renren","True"
"Anime","Yume-iro Pâtissière","Anime\Yume-iro Pâtissière","True"
"Anime","Yuri!!! on Ice","Anime\Yuri!!! on Ice","True"
"Anime","Yuri!!! on Ice_ Yuri Plisetsky GPF in Barcelona EX - Welcome to The Madness","Anime\Yuri!!! on Ice_ Yuri Plisetsky GPF in Barcelona EX - Welcome to The Madness","True"
"Anime","Yuru Camp△","Anime\Yuru Camp△","True"
"Anime","Yuru Camp△ Movie","Anime\Yuru Camp△ Movie","True"
"Anime","Yuru Yuri Nachuyachumi!","Anime\Yuru Yuri Nachuyachumi!","True"
"Anime","Yuru Yuri Nachuyachumi!+","Anime\Yuru Yuri Nachuyachumi!+","True"
"Anime","Yuru Yuri San☆Hai!","Anime\Yuru Yuri San☆Hai!","True"
"Anime","Yuru Yuri♪♪","Anime\Yuru Yuri♪♪","True"
"Anime","Yuu☆Yuu☆Hakusho","Anime\Yuu☆Yuu☆Hakusho","True"
"Anime","Yuuki Yuuna wa Yuusha de Aru_ Washio Sumi no Shou","Anime\Yuuki Yuuna wa Yuusha de Aru_ Washio Sumi no Shou","True"
"Anime","Yuuki Yuuna wa Yuusha de Aru_ Washio Sumi no Shou 2 - Tamashii","Anime\Yuuki Yuuna wa Yuusha de Aru_ Washio Sumi no Shou 2 - Tamashii","True"
"Anime","Yuuki Yuuna wa Yuusha de Aru_ Washio Sumi no Shou 3 - Yakusoku","Anime\Yuuki Yuuna wa Yuusha de Aru_ Washio Sumi no Shou 3 - Yakusoku","True"
"Anime","Yuukoku no Moriarty","Anime\Yuukoku no Moriarty","True"
"Anime","Yuukoku no Moriarty OVA","Anime\Yuukoku no Moriarty OVA","True"
"Anime","Yuusha-kei ni Shosu_ Choubatsu Yuusha 9004-tai Keimu Kiroku","Anime\Yuusha-kei ni Shosu_ Choubatsu Yuusha 9004-tai Keimu Kiroku","True"
"Anime","Yuusha-Ou GaoGaiGar","Anime\Yuusha-Ou GaoGaiGar","True"
"Anime","Yuusha-Ou GaoGaiGar Final","Anime\Yuusha-Ou GaoGaiGar Final","True"
"Anime","Yuzuki-san Chi no Yonkyoudai","Anime\Yuzuki-san Chi no Yonkyoudai","True"
"Anime","Zan Sayonara Zetsubou Sensei","Anime\Zan Sayonara Zetsubou Sensei","True"
"Anime","Zan Sayonara Zetsubou Sensei Bangaichi","Anime\Zan Sayonara Zetsubou Sensei Bangaichi","True"
"Anime","Zankyou no Terror","Anime\Zankyou no Terror","True"
"Anime","Ze Tian Ji (2026)","Anime\Ze Tian Ji (2026)","True"
"Anime","Zetsuen no Tempest","Anime\Zetsuen no Tempest","True"
"Anime","Zhan Shen_ Fanchen Shenyu","Anime\Zhan Shen_ Fanchen Shenyu","True"
"Anime","Zhe Tian","Anime\Zhe Tian","True"
"Anime","Zhe Tian Movie_ Bei Guan Zhan Wang Teng","Anime\Zhe Tian Movie_ Bei Guan Zhan Wang Teng","True"
"Anime","Zhu Xian 2nd Season","Anime\Zhu Xian 2nd Season","True"
"Anime","Zhu Xian 3rd Season","Anime\Zhu Xian 3rd Season","True"
"Anime","Zoku Natsume Yuujinchou","Anime\Zoku Natsume Yuujinchou","True"
"Anime","Zoku Owarimonogatari","Anime\Zoku Owarimonogatari","True"
"Anime","Zoku Sayonara Zetsubou Sensei","Anime\Zoku Sayonara Zetsubou Sensei","True"
"Anime","Zombieland Saga Movie_ Yumeginga Paradise","Anime\Zombieland Saga Movie_ Yumeginga Paradise","True"
"Anime","Zombieland Saga Revenge","Anime\Zombieland Saga Revenge","True"
"Cartoons","Adventure Time","Cartoons\Adventure Time","True"
"Cartoons","American Dad!","Cartoons\American Dad!","True"
"Cartoons","Arcane","Cartoons\Arcane","True"
"Cartoons","Archer","Cartoons\Archer","True"
"Cartoons","Avatar_ The Last Airbender","Cartoons\Avatar_ The Last Airbender","True"
"Cartoons","Batman Beyond","Cartoons\Batman Beyond","True"
"Cartoons","Batman_ The Animated Series","Cartoons\Batman_ The Animated Series","True"
"Cartoons","Beavis and Butt-Head","Cartoons\Beavis and Butt-Head","True"
"Cartoons","Ben 10","Cartoons\Ben 10","True"
"Cartoons","Big Mouth","Cartoons\Big Mouth","True"
"Cartoons","Blue Eye Samurai","Cartoons\Blue Eye Samurai","True"
"Cartoons","Bluey","Cartoons\Bluey","True"
"Cartoons","Bob's Burgers","Cartoons\Bob's Burgers","True"
"Cartoons","BoJack Horseman","Cartoons\BoJack Horseman","True"
"Cartoons","Castlevania","Cartoons\Castlevania","True"
"Cartoons","Courage the Cowardly Dog","Cartoons\Courage the Cowardly Dog","True"
"Cartoons","Daria","Cartoons\Daria","True"
"Cartoons","Devil May Cry (2025)","Cartoons\Devil May Cry (2025)","True"
"Cartoons","Dexter's Laboratory","Cartoons\Dexter's Laboratory","True"
"Cartoons","Dirin Dirin","Cartoons\Dirin Dirin","True"
"Cartoons","Disenchantment","Cartoons\Disenchantment","True"
"Cartoons","DuckTales (1987)","Cartoons\DuckTales (1987)","True"
"Cartoons","DuckTales (2017)","Cartoons\DuckTales (2017)","True"
"Cartoons","Ed, Edd n Eddy","Cartoons\Ed, Edd n Eddy","True"
"Cartoons","F Is for Family","Cartoons\F Is for Family","True"
"Cartoons","Family Guy","Cartoons\Family Guy","True"
"Cartoons","Final Space","Cartoons\Final Space","True"
"Cartoons","Futurama","Cartoons\Futurama","True"
"Cartoons","Gargoyles","Cartoons\Gargoyles","True"
"Cartoons","Gravity Falls","Cartoons\Gravity Falls","True"
"Cartoons","Harley Quinn","Cartoons\Harley Quinn","True"
"Cartoons","Harvey Birdman, Attorney at Law","Cartoons\Harvey Birdman, Attorney at Law","True"
"Cartoons","Hazbin Hotel","Cartoons\Hazbin Hotel","True"
"Cartoons","Helluva Boss","Cartoons\Helluva Boss","True"
"Cartoons","Hey Arnold!","Cartoons\Hey Arnold!","True"
"Cartoons","Hilda","Cartoons\Hilda","True"
"Cartoons","Home Movies","Cartoons\Home Movies","True"
"Cartoons","I Am Groot","Cartoons\I Am Groot","True"
"Cartoons","Infinity Train","Cartoons\Infinity Train","True"
"Cartoons","Inside Job","Cartoons\Inside Job","True"
"Cartoons","Invader ZIM","Cartoons\Invader ZIM","True"
"Cartoons","Invincible","Cartoons\Invincible","True"
"Cartoons","Johnny Bravo","Cartoons\Johnny Bravo","True"
"Cartoons","Justice League","Cartoons\Justice League","True"
"Cartoons","Justice League Unlimited","Cartoons\Justice League Unlimited","True"
"Cartoons","Kim Possible","Cartoons\Kim Possible","True"
"Cartoons","King of the Hill","Cartoons\King of the Hill","True"
"Cartoons","Love, Death & Robots","Cartoons\Love, Death & Robots","True"
"Cartoons","Metalocalypse","Cartoons\Metalocalypse","True"
"Cartoons","Over the Garden Wall","Cartoons\Over the Garden Wall","True"
"Cartoons","Phineas and Ferb","Cartoons\Phineas and Ferb","True"
"Cartoons","Pinky and the Brain","Cartoons\Pinky and the Brain","True"
"Cartoons","Primal","Cartoons\Primal","True"
"Cartoons","Recess","Cartoons\Recess","True"
"Cartoons","Regular Show","Cartoons\Regular Show","True"
"Cartoons","Rick and Morty","Cartoons\Rick and Morty","True"
"Cartoons","Robot Chicken","Cartoons\Robot Chicken","True"
"Cartoons","Rugrats","Cartoons\Rugrats","True"
"Cartoons","Samurai Jack","Cartoons\Samurai Jack","True"
"Cartoons","Scavengers Reign","Cartoons\Scavengers Reign","True"
"Cartoons","Scooby Doo, Where Are You!","Cartoons\Scooby Doo, Where Are You!","True"
"Cartoons","Scooby-Doo! Mystery Incorporated","Cartoons\Scooby-Doo! Mystery Incorporated","True"
"Cartoons","Secret Level","Cartoons\Secret Level","True"
"Cartoons","Shaun the Sheep","Cartoons\Shaun the Sheep","True"
"Cartoons","She-Ra and the Princesses of Power","Cartoons\She-Ra and the Princesses of Power","True"
"Cartoons","Smiling Friends","Cartoons\Smiling Friends","True"
"Cartoons","Solar Opposites","Cartoons\Solar Opposites","True"
"Cartoons","South Park","Cartoons\South Park","True"
"Cartoons","Spawn","Cartoons\Spawn","True"
"Cartoons","Spider-Man_ The Animated Series","Cartoons\Spider-Man_ The Animated Series","True"
"Cartoons","SpongeBob SquarePants","Cartoons\SpongeBob SquarePants","True"
"Cartoons","Star Trek_ Lower Decks","Cartoons\Star Trek_ Lower Decks","True"
"Cartoons","Star Wars_ Clone Wars","Cartoons\Star Wars_ Clone Wars","True"
"Cartoons","Star Wars_ Rebels","Cartoons\Star Wars_ Rebels","True"
"Cartoons","Star Wars_ Tales of the Jedi","Cartoons\Star Wars_ Tales of the Jedi","True"
"Cartoons","Star Wars_ The Bad Batch","Cartoons\Star Wars_ The Bad Batch","True"
"Cartoons","Star Wars_ The Clone Wars","Cartoons\Star Wars_ The Clone Wars","True"
"Cartoons","Steven Universe","Cartoons\Steven Universe","True"
"Cartoons","Sugarland","Cartoons\Sugarland","True"
"Cartoons","Superman_ The Animated Series","Cartoons\Superman_ The Animated Series","True"
"Cartoons","Tear Along the Dotted Line","Cartoons\Tear Along the Dotted Line","True"
"Cartoons","Teen Titans","Cartoons\Teen Titans","True"
"Cartoons","Teenage Mutant Ninja Turtles","Cartoons\Teenage Mutant Ninja Turtles","True"
"Cartoons","The Adventures of Tintin","Cartoons\The Adventures of Tintin","True"
"Cartoons","The Amazing World of Gumball","Cartoons\The Amazing World of Gumball","True"
"Cartoons","The Avengers_ Earth's Mightiest Heroes","Cartoons\The Avengers_ Earth's Mightiest Heroes","True"
"Cartoons","The Boondocks","Cartoons\The Boondocks","True"
"Cartoons","The Bugs Bunny Show","Cartoons\The Bugs Bunny Show","True"
"Cartoons","The Bugs Bunny_Looney Tunes Comedy Hour","Cartoons\The Bugs Bunny_Looney Tunes Comedy Hour","True"
"Cartoons","The Bugs Bunny_Road Runner Hour","Cartoons\The Bugs Bunny_Road Runner Hour","True"
"Cartoons","The Cleveland Show","Cartoons\The Cleveland Show","True"
"Cartoons","The Dragon Prince","Cartoons\The Dragon Prince","True"
"Cartoons","The Fairly OddParents","Cartoons\The Fairly OddParents","True"
"Cartoons","The Flintstones","Cartoons\The Flintstones","True"
"Cartoons","The Legend of Hanuman","Cartoons\The Legend of Hanuman","True"
"Cartoons","The Legend of Korra","Cartoons\The Legend of Korra","True"
"Cartoons","The Legend of Vox Machina","Cartoons\The Legend of Vox Machina","True"
"Cartoons","The Midnight Gospel","Cartoons\The Midnight Gospel","True"
"Cartoons","The New Batman Adventures","Cartoons\The New Batman Adventures","True"
"Cartoons","The Owl House","Cartoons\The Owl House","True"
"Cartoons","The Powerpuff Girls","Cartoons\The Powerpuff Girls","True"
"Cartoons","The Ricky Gervais Show","Cartoons\The Ricky Gervais Show","True"
"Cartoons","The Simpsons","Cartoons\The Simpsons","True"
"Cartoons","The Spectacular Spider-Man","Cartoons\The Spectacular Spider-Man","True"
"Cartoons","The Transformers","Cartoons\The Transformers","True"
"Cartoons","The Venture Bros","Cartoons\The Venture Bros","True"
"Cartoons","Trollhunters_ Tales of Arcadia","Cartoons\Trollhunters_ Tales of Arcadia","True"
"Cartoons","Undone","Cartoons\Undone","True"
"Cartoons","Velma","Cartoons\Velma","True"
"Cartoons","What If..._","Cartoons\What If..._","True"
"Cartoons","Wolverine and the X-Men","Cartoons\Wolverine and the X-Men","True"
"Cartoons","X-Men (1992)","Cartoons\X-Men (1992)","True"
"Cartoons","X-Men '97","Cartoons\X-Men '97","True"
"Cartoons","Young Justice","Cartoons\Young Justice","True"
"Movies","#Home 2021","Movies\#Home 2021","True"
"Movies","(500) Days of Summer 2009","Movies\(500) Days of Summer 2009","True"
"Movies","1_ Nenokkadine 2014","Movies\1_ Nenokkadine 2014","True"
"Movies","12 Angry Men 1957","Movies\12 Angry Men 1957","True"
"Movies","12 Monkeys 1995","Movies\12 Monkeys 1995","True"
"Movies","12 Years a Slave 2013","Movies\12 Years a Slave 2013","True"
"Movies","1917 2019","Movies\1917 2019","True"
"Movies","2001_ A Space Odyssey 1968","Movies\2001_ A Space Odyssey 1968","True"
"Movies","21 Grams 2003","Movies\21 Grams 2003","True"
"Movies","24 2016","Movies\24 2016","True"
"Movies","25th Hour 2002","Movies\25th Hour 2002","True"
"Movies","28 Days Later... 2002","Movies\28 Days Later... 2002","True"
"Movies","3 Idiots 2009","Movies\3 Idiots 2009","True"
"Movies","3_10 to Yuma 2007","Movies\3_10 to Yuma 2007","True"
"Movies","300 2006","Movies\300 2006","True"
"Movies","3-Iron 2004","Movies\3-Iron 2004","True"
"Movies","4 luni, 3 saptamâni si 2 zile 2007","Movies\4 luni, 3 saptamâni si 2 zile 2007","True"
"Movies","4 Months, 3 Weeks and 2 Days 2007","Movies\4 Months, 3 Weeks and 2 Days 2007","True"
"Movies","50_50 2011","Movies\50_50 2011","True"
"Movies","777 Charlie 2022","Movies\777 Charlie 2022","True"
"Movies","8½ 1963","Movies\8½ 1963","True"
"Movies","96 2018","Movies\96 2018","True"
"Movies","A Beautiful Mind 2001","Movies\A Beautiful Mind 2001","True"
"Movies","À bout de souffle 1960","Movies\À bout de souffle 1960","True"
"Movies","A Brighter Summer Day 1991","Movies\A Brighter Summer Day 1991","True"
"Movies","A Bronx Tale 1993","Movies\A Bronx Tale 1993","True"
"Movies","A Christmas Carol 1951","Movies\A Christmas Carol 1951","True"
"Movies","A Christmas Story 1983","Movies\A Christmas Story 1983","True"
"Movies","A Clockwork Orange 1971","Movies\A Clockwork Orange 1971","True"
"Movies","A Dog's Will 2000","Movies\A Dog's Will 2000","True"
"Movies","A Face in the Crowd 1957","Movies\A Face in the Crowd 1957","True"
"Movies","A Few Good Men 1992","Movies\A Few Good Men 1992","True"
"Movies","A Fistful of Dollars 1964","Movies\A Fistful of Dollars 1964","True"
"Movies","A Hard Day's Night 1964","Movies\A Hard Day's Night 1964","True"
"Movies","A Little Princess 1995","Movies\A Little Princess 1995","True"
"Movies","A Man Escaped 1956","Movies\A Man Escaped 1956","True"
"Movies","A Man for All Seasons 1966","Movies\A Man for All Seasons 1966","True"
"Movies","A Moment to Remember 2004","Movies\A Moment to Remember 2004","True"
"Movies","A Night at the Opera 1935","Movies\A Night at the Opera 1935","True"
"Movies","A Night to Remember 1958","Movies\A Night to Remember 1958","True"
"Movies","A Prophet 2009","Movies\A Prophet 2009","True"
"Movies","A Separation 2011","Movies\A Separation 2011","True"
"Movies","A Short Film About Killing 1988","Movies\A Short Film About Killing 1988","True"
"Movies","A Short Film About Love 1988","Movies\A Short Film About Love 1988","True"
"Movies","A Silent Voice_ The Movie 2016","Movies\A Silent Voice_ The Movie 2016","True"
"Movies","A Special Day 1977","Movies\A Special Day 1977","True"
"Movies","A Star Is Born 2018","Movies\A Star Is Born 2018","True"
"Movies","A Streetcar Named Desire 1951","Movies\A Streetcar Named Desire 1951","True"
"Movies","A Taxi Driver 2017","Movies\A Taxi Driver 2017","True"
"Movies","A Wednesday 2008","Movies\A Wednesday 2008","True"
"Movies","A Woman Under the Influence 1974","Movies\A Woman Under the Influence 1974","True"
"Movies","About Elly 2009","Movies\About Elly 2009","True"
"Movies","About Time 2013","Movies\About Time 2013","True"
"Movies","Abre los ojos 1997","Movies\Abre los ojos 1997","True"
"Movies","Ace in the Hole 1951","Movies\Ace in the Hole 1951","True"
"Movies","Adams æbler 2005","Movies\Adams æbler 2005","True"
"Movies","Adaptation. 2002","Movies\Adaptation. 2002","True"
"Movies","After Hours 1985","Movies\After Hours 1985","True"
"Movies","Agent Sai Srinivasa Athreya 2019","Movies\Agent Sai Srinivasa Athreya 2019","True"
"Movies","Aguirre, der Zorn Gottes 1972","Movies\Aguirre, der Zorn Gottes 1972","True"
"Movies","Aguirre, the Wrath of God 1972","Movies\Aguirre, the Wrath of God 1972","True"
"Movies","Ah-ga-ssi 2016","Movies\Ah-ga-ssi 2016","True"
"Movies","Airlift 2016","Movies\Airlift 2016","True"
"Movies","Airplane! 1980","Movies\Airplane! 1980","True"
"Movies","Ajeossi 2010","Movies\Ajeossi 2010","True"
"Movies","Akira 1988","Movies\Akira 1988","True"
"Movies","Aladdin 1992","Movies\Aladdin 1992","True"
"Movies","Ali_ Fear Eats the Soul 1974","Movies\Ali_ Fear Eats the Soul 1974","True"
"Movies","Alice in the Cities 1974","Movies\Alice in the Cities 1974","True"
"Movies","Alien 1979","Movies\Alien 1979","True"
"Movies","Aliens 1986","Movies\Aliens 1986","True"
"Movies","All About Eve 1950","Movies\All About Eve 1950","True"
"Movies","All About My Mother 1999","Movies\All About My Mother 1999","True"
"Movies","All Quiet on the Western Front 1930","Movies\All Quiet on the Western Front 1930","True"
"Movies","All Quiet on the Western Front 2022","Movies\All Quiet on the Western Front 2022","True"
"Movies","All That Jazz 1979","Movies\All That Jazz 1979","True"
"Movies","All the President's Men 1976","Movies\All the President's Men 1976","True"
"Movies","Almost Famous 2000","Movies\Almost Famous 2000","True"
"Movies","Amadeus 1984","Movies\Amadeus 1984","True"
"Movies","Amarcord 1973","Movies\Amarcord 1973","True"
"Movies","Amélie 2001","Movies\Amélie 2001","True"
"Movies","American Beauty 1999","Movies\American Beauty 1999","True"
"Movies","American Gangster 2007","Movies\American Gangster 2007","True"
"Movies","American History X 1998","Movies\American History X 1998","True"
"Movies","American Psycho 2000","Movies\American Psycho 2000","True"
"Movies","Amores perros 2000","Movies\Amores perros 2000","True"
"Movies","Amour 2012","Movies\Amour 2012","True"
"Movies","An Autumn Afternoon 1962","Movies\An Autumn Afternoon 1962","True"
"Movies","Anand 1971","Movies\Anand 1971","True"
"Movies","Anatomy of a Murder 1959","Movies\Anatomy of a Murder 1959","True"
"Movies","Anbe Sivam 2003","Movies\Anbe Sivam 2003","True"
"Movies","Andaz Apna Apna 1994","Movies\Andaz Apna Apna 1994","True"
"Movies","Andhadhun 2018","Movies\Andhadhun 2018","True"
"Movies","Andrei Rublev 1966","Movies\Andrei Rublev 1966","True"
"Movies","Angels with Dirty Faces 1938","Movies\Angels with Dirty Faces 1938","True"
"Movies","Ang-ma-reul bo-at-da 2010","Movies\Ang-ma-reul bo-at-da 2010","True"
"Movies","Ankhon Dekhi 2013","Movies\Ankhon Dekhi 2013","True"
"Movies","Annie Hall 1977","Movies\Annie Hall 1977","True"
"Movies","Anniyan 2005","Movies\Anniyan 2005","True"
"Movies","Aparajito 1956","Movies\Aparajito 1956","True"
"Movies","Apocalypse Now 1979","Movies\Apocalypse Now 1979","True"
"Movies","Apocalypto 2006","Movies\Apocalypto 2006","True"
"Movies","Apollo 13 1995","Movies\Apollo 13 1995","True"
"Movies","Argo 2012","Movies\Argo 2012","True"
"Movies","Arjun Reddy 2017","Movies\Arjun Reddy 2017","True"
"Movies","Army of Shadows 1969","Movies\Army of Shadows 1969","True"
"Movies","Arrival 2016","Movies\Arrival 2016","True"
"Movies","Arsenic and Old Lace 1944","Movies\Arsenic and Old Lace 1944","True"
"Movies","Article 15 2019","Movies\Article 15 2019","True"
"Movies","Aruvi 2016","Movies\Aruvi 2016","True"
"Movies","As Good as It Gets 1997","Movies\As Good as It Gets 1997","True"
"Movies","Asuran 2019","Movies\Asuran 2019","True"
"Movies","Athadu 2005","Movies\Athadu 2005","True"
"Movies","Atonement 2007","Movies\Atonement 2007","True"
"Movies","Attack on Titan_ Chronicle 2020","Movies\Attack on Titan_ Chronicle 2020","True"
"Movies","Au revoir les enfants 1987","Movies\Au revoir les enfants 1987","True"
"Movies","Auf der anderen Seite 2007","Movies\Auf der anderen Seite 2007","True"
"Movies","Auntie Mame 1958","Movies\Auntie Mame 1958","True"
"Movies","Autumn Sonata 1978","Movies\Autumn Sonata 1978","True"
"Movies","Avatar 2009","Movies\Avatar 2009","True"
"Movies","Avengers_ Endgame 2019","Movies\Avengers_ Endgame 2019","True"
"Movies","Avengers_ Infinity War 2018","Movies\Avengers_ Infinity War 2018","True"
"Movies","Awakenings 1990","Movies\Awakenings 1990","True"
"Movies","Ayla_ The Daughter of War 2017","Movies\Ayla_ The Daughter of War 2017","True"
"Movies","Ba wang bie ji 1993","Movies\Ba wang bie ji 1993","True"
"Movies","Babam ve Oglum 2005","Movies\Babam ve Oglum 2005","True"
"Movies","Babette's Feast 1987","Movies\Babette's Feast 1987","True"
"Movies","Baby 2015","Movies\Baby 2015","True"
"Movies","Baby Driver 2017","Movies\Baby Driver 2017","True"
"Movies","Bacheha-Ye aseman 1997","Movies\Bacheha-Ye aseman 1997","True"
"Movies","Back to the Future 1985","Movies\Back to the Future 1985","True"
"Movies","Back to the Future Part II 1989","Movies\Back to the Future Part II 1989","True"
"Movies","Badhaai ho 2018","Movies\Badhaai ho 2018","True"
"Movies","Badla 2019","Movies\Badla 2019","True"
"Movies","Badlands 1973","Movies\Badlands 1973","True"
"Movies","Bãhubali_ The Beginning 2015","Movies\Bãhubali_ The Beginning 2015","True"
"Movies","Bajrangi Bhaijaan 2015","Movies\Bajrangi Bhaijaan 2015","True"
"Movies","Balkan Spy 1984","Movies\Balkan Spy 1984","True"
"Movies","Ballad of a Soldier 1959","Movies\Ballad of a Soldier 1959","True"
"Movies","Bangalore Days 2014","Movies\Bangalore Days 2014","True"
"Movies","Barfi! 2012","Movies\Barfi! 2012","True"
"Movies","Barry Lyndon 1975","Movies\Barry Lyndon 1975","True"
"Movies","Barton Fink 1991","Movies\Barton Fink 1991","True"
"Movies","Batman Begins 2005","Movies\Batman Begins 2005","True"
"Movies","Batman_ Mask of the Phantasm 1993","Movies\Batman_ Mask of the Phantasm 1993","True"
"Movies","Batoru rowaiaru 2000","Movies\Batoru rowaiaru 2000","True"
"Movies","Battleship Potemkin 1925","Movies\Battleship Potemkin 1925","True"
"Movies","Beasts of No Nation 2015","Movies\Beasts of No Nation 2015","True"
"Movies","Beauty and the Beast 1946","Movies\Beauty and the Beast 1946","True"
"Movies","Beauty and the Beast 1991","Movies\Beauty and the Beast 1991","True"
"Movies","Before Midnight 2013","Movies\Before Midnight 2013","True"
"Movies","Before Sunrise 1995","Movies\Before Sunrise 1995","True"
"Movies","Before Sunset 2004","Movies\Before Sunset 2004","True"
"Movies","Before the Rain 1994","Movies\Before the Rain 1994","True"
"Movies","Being John Malkovich 1999","Movies\Being John Malkovich 1999","True"
"Movies","Being There 1979","Movies\Being There 1979","True"
"Movies","Belle de jour 1967","Movies\Belle de jour 1967","True"
"Movies","Ben-Hur 1959","Movies\Ben-Hur 1959","True"
"Movies","Bhaag Milkha Bhaag 2013","Movies\Bhaag Milkha Bhaag 2013","True"
"Movies","Bicycle Thieves 1948","Movies\Bicycle Thieves 1948","True"
"Movies","Big Deal on Madonna Street 1958","Movies\Big Deal on Madonna Street 1958","True"
"Movies","Big Fish 2003","Movies\Big Fish 2003","True"
"Movies","Big Hero 6 2014","Movies\Big Hero 6 2014","True"
"Movies","Billy Elliot 2000","Movies\Billy Elliot 2000","True"
"Movies","Bin-jip 2004","Movies\Bin-jip 2004","True"
"Movies","Bir Zamanlar Anadolu'da 2011","Movies\Bir Zamanlar Anadolu'da 2011","True"
"Movies","Birdman or (The Unexpected Virtue of Ignorance) 2014","Movies\Birdman or (The Unexpected Virtue of Ignorance) 2014","True"
"Movies","Black 2005","Movies\Black 2005","True"
"Movies","Black Cat, White Cat 1998","Movies\Black Cat, White Cat 1998","True"
"Movies","Black Friday 2004","Movies\Black Friday 2004","True"
"Movies","Black Hawk Down 2001","Movies\Black Hawk Down 2001","True"
"Movies","Black Swan 2010","Movies\Black Swan 2010","True"
"Movies","Blade Runner 1982","Movies\Blade Runner 1982","True"
"Movies","Blade Runner 2049 2017","Movies\Blade Runner 2049 2017","True"
"Movies","Blazing Saddles 1974","Movies\Blazing Saddles 1974","True"
"Movies","Blood Diamond 2006","Movies\Blood Diamond 2006","True"
"Movies","Blood Simple 1984","Movies\Blood Simple 1984","True"
"Movies","Blow 2001","Movies\Blow 2001","True"
"Movies","Blowup 1966","Movies\Blowup 1966","True"
"Movies","Blue Velvet 1986","Movies\Blue Velvet 1986","True"
"Movies","Bohemian Rhapsody 2018","Movies\Bohemian Rhapsody 2018","True"
"Movies","Boksuneun naui geot 2002","Movies\Boksuneun naui geot 2002","True"
"Movies","Bom Yeoareum Gaeul Gyeoul Geurigo Bom 2003","Movies\Bom Yeoareum Gaeul Gyeoul Geurigo Bom 2003","True"
"Movies","Bombay 1995","Movies\Bombay 1995","True"
"Movies","Bonnie and Clyde 1967","Movies\Bonnie and Clyde 1967","True"
"Movies","Boogie Nights 1997","Movies\Boogie Nights 1997","True"
"Movies","Border 1997","Movies\Border 1997","True"
"Movies","Bound by Honor 1993","Movies\Bound by Honor 1993","True"
"Movies","Boyhood 2014","Movies\Boyhood 2014","True"
"Movies","Boyz n the Hood 1991","Movies\Boyz n the Hood 1991","True"
"Movies","Braveheart 1995","Movies\Braveheart 1995","True"
"Movies","Brazil 1985","Movies\Brazil 1985","True"
"Movies","Breakfast at Tiffany's 1961","Movies\Breakfast at Tiffany's 1961","True"
"Movies","Breaking the Waves 1996","Movies\Breaking the Waves 1996","True"
"Movies","Bride of Frankenstein 1935","Movies\Bride of Frankenstein 1935","True"
"Movies","Bridge of Spies 2015","Movies\Bridge of Spies 2015","True"
"Movies","Brief Encounter 1945","Movies\Brief Encounter 1945","True"
"Movies","Bringing Up Baby 1938","Movies\Bringing Up Baby 1938","True"
"Movies","Brokeback Mountain 2005","Movies\Brokeback Mountain 2005","True"
"Movies","Bronenosets Potemkin 1925","Movies\Bronenosets Potemkin 1925","True"
"Movies","Butch Cassidy and the Sundance Kid 1969","Movies\Butch Cassidy and the Sundance Kid 1969","True"
"Movies","Baahubali 2_ The Conclusion 2017","Movies\Baahubali 2_ The Conclusion 2017","True"
"Movies","Baahubali_ The Beginning 2015","Movies\Baahubali_ The Beginning 2015","True"
"Movies","Baasha 1995","Movies\Baasha 1995","True"
"Movies","C.R.A.Z.Y. 2005","Movies\C.R.A.Z.Y. 2005","True"
"Movies","Cabaret 1972","Movies\Cabaret 1972","True"
"Movies","Call Me by Your Name 2017","Movies\Call Me by Your Name 2017","True"
"Movies","Cape Fear 1962","Movies\Cape Fear 1962","True"
"Movies","Capernaum 2018","Movies\Capernaum 2018","True"
"Movies","Capharnaüm 2018","Movies\Capharnaüm 2018","True"
"Movies","Captain America_ Civil War 2016","Movies\Captain America_ Civil War 2016","True"
"Movies","Captain America_ The Winter Soldier 2014","Movies\Captain America_ The Winter Soldier 2014","True"
"Movies","Captain Fantastic 2016","Movies\Captain Fantastic 2016","True"
"Movies","Captain Phillips 2013","Movies\Captain Phillips 2013","True"
"Movies","Captains Courageous 1937","Movies\Captains Courageous 1937","True"
"Movies","Carlito's Way 1993","Movies\Carlito's Way 1993","True"
"Movies","Carry On, Munna Bhai 2006","Movies\Carry On, Munna Bhai 2006","True"
"Movies","Cars of the Revolution 2008","Movies\Cars of the Revolution 2008","True"
"Movies","Casablanca 1942","Movies\Casablanca 1942","True"
"Movies","Casino 1995","Movies\Casino 1995","True"
"Movies","Casino Royale 2006","Movies\Casino Royale 2006","True"
"Movies","Cast Away 2000","Movies\Cast Away 2000","True"
"Movies","Castaway on the Moon 2009","Movies\Castaway on the Moon 2009","True"
"Movies","Castle in the Sky 1986","Movies\Castle in the Sky 1986","True"
"Movies","Cat City 1986","Movies\Cat City 1986","True"
"Movies","Cat on a Hot Tin Roof 1958","Movies\Cat on a Hot Tin Roof 1958","True"
"Movies","Catch Me If You Can 2002","Movies\Catch Me If You Can 2002","True"
"Movies","Celda 211 2009","Movies\Celda 211 2009","True"
"Movies","Central do Brasil 1998","Movies\Central do Brasil 1998","True"
"Movies","Central Station 1998","Movies\Central Station 1998","True"
"Movies","Chak De! India 2007","Movies\Chak De! India 2007","True"
"Movies","Champion 2018","Movies\Champion 2018","True"
"Movies","Changeling 2008","Movies\Changeling 2008","True"
"Movies","Charade 1963","Movies\Charade 1963","True"
"Movies","Charlie 2015","Movies\Charlie 2015","True"
"Movies","Checkmate 2023","Movies\Checkmate 2023","True"
"Movies","Chhichhore 2019","Movies\Chhichhore 2019","True"
"Movies","Children of Heaven 1997","Movies\Children of Heaven 1997","True"
"Movies","Children of Men 2006","Movies\Children of Men 2006","True"
"Movies","Children of Paradise 1945","Movies\Children of Paradise 1945","True"
"Movies","Chinatown 1974","Movies\Chinatown 1974","True"
"Movies","Chugyeokja 2008","Movies\Chugyeokja 2008","True"
"Movies","Chung Hing sam lam 1994","Movies\Chung Hing sam lam 1994","True"
"Movies","Chungking Express 1994","Movies\Chungking Express 1994","True"
"Movies","Chupke Chupke 1975","Movies\Chupke Chupke 1975","True"
"Movies","Çiçek Abbas 1982","Movies\Çiçek Abbas 1982","True"
"Movies","Cidade de Deus 2002","Movies\Cidade de Deus 2002","True"
"Movies","Cinderella Man 2005","Movies\Cinderella Man 2005","True"
"Movies","Cinema Paradiso 1988","Movies\Cinema Paradiso 1988","True"
"Movies","Citizen Kane 1941","Movies\Citizen Kane 1941","True"
"Movies","City Lights 1931","Movies\City Lights 1931","True"
"Movies","City of God 2002","Movies\City of God 2002","True"
"Movies","Cléo from 5 to 7 1962","Movies\Cléo from 5 to 7 1962","True"
"Movies","Clerks 1994","Movies\Clerks 1994","True"
"Movies","Close 2022","Movies\Close 2022","True"
"Movies","Close Encounters of the Third Kind 1977","Movies\Close Encounters of the Third Kind 1977","True"
"Movies","Close-Up 1990","Movies\Close-Up 1990","True"
"Movies","Coco 2017","Movies\Coco 2017","True"
"Movies","CODA 2021","Movies\CODA 2021","True"
"Movies","Come and See 1985","Movies\Come and See 1985","True"
"Movies","Company 2002","Movies\Company 2002","True"
"Movies","Contratiempo 2016","Movies\Contratiempo 2016","True"
"Movies","Control 2007","Movies\Control 2007","True"
"Movies","Cool Hand Luke 1967","Movies\Cool Hand Luke 1967","True"
"Movies","Coraline 2009","Movies\Coraline 2009","True"
"Movies","Cowboy Bebop_ Tengoku no tobira 2001","Movies\Cowboy Bebop_ Tengoku no tobira 2001","True"
"Movies","Cowboy Bebop_ The Movie 2001","Movies\Cowboy Bebop_ The Movie 2001","True"
"Movies","Crash 2004","Movies\Crash 2004","True"
"Movies","Creed 2015","Movies\Creed 2015","True"
"Movies","Cría Cuervos 1976","Movies\Cría Cuervos 1976","True"
"Movies","Cries & Whispers 1972","Movies\Cries & Whispers 1972","True"
"Movies","Crimes and Misdemeanors 1989","Movies\Crimes and Misdemeanors 1989","True"
"Movies","Crna macka, beli macor 1998","Movies\Crna macka, beli macor 1998","True"
"Movies","Crouching Tiger, Hidden Dragon 2000","Movies\Crouching Tiger, Hidden Dragon 2000","True"
"Movies","Çöpçüler Krali 1977","Movies\Çöpçüler Krali 1977","True"
"Movies","Dà hóng denglong gaogao guà 1991","Movies\Dà hóng denglong gaogao guà 1991","True"
"Movies","Dallas Buyers Club 2013","Movies\Dallas Buyers Club 2013","True"
"Movies","Daman 2022","Movies\Daman 2022","True"
"Movies","Dancer in the Dark 2000","Movies\Dancer in the Dark 2000","True"
"Movies","Dances with Wolves 1990","Movies\Dances with Wolves 1990","True"
"Movies","Dangal 2016","Movies\Dangal 2016","True"
"Movies","Dara of Jasenovac 2020","Movies\Dara of Jasenovac 2020","True"
"Movies","Darbareye Elly 2009","Movies\Darbareye Elly 2009","True"
"Movies","Dark City 1998","Movies\Dark City 1998","True"
"Movies","Dark Waters 2019","Movies\Dark Waters 2019","True"
"Movies","Das Boot 1981","Movies\Das Boot 1981","True"
"Movies","Das Cabinet des Dr. Caligari 1920","Movies\Das Cabinet des Dr. Caligari 1920","True"
"Movies","Das Experiment 2001","Movies\Das Experiment 2001","True"
"Movies","Das weiße Band - Eine deutsche Kindergeschichte 2009","Movies\Das weiße Band - Eine deutsche Kindergeschichte 2009","True"
"Movies","Dawn of the Dead 1978","Movies\Dawn of the Dead 1978","True"
"Movies","Dawn of the Planet of the Apes 2014","Movies\Dawn of the Planet of the Apes 2014","True"
"Movies","Day for Night 1973","Movies\Day for Night 1973","True"
"Movies","Day of the Wacko 2002","Movies\Day of the Wacko 2002","True"
"Movies","Day of Wrath 1943","Movies\Day of Wrath 1943","True"
"Movies","Days of Heaven 1978","Movies\Days of Heaven 1978","True"
"Movies","Dazed and Confused 1993","Movies\Dazed and Confused 1993","True"
"Movies","Dead Man 1995","Movies\Dead Man 1995","True"
"Movies","Dead Man's Shoes 2004","Movies\Dead Man's Shoes 2004","True"
"Movies","Dead Poets Society 1989","Movies\Dead Poets Society 1989","True"
"Movies","Deadpool 2 2018","Movies\Deadpool 2 2018","True"
"Movies","Deadpool 2016","Movies\Deadpool 2016","True"
"Movies","Death Note_ Desu nôto 2006","Movies\Death Note_ Desu nôto 2006","True"
"Movies","Deewaar 1975","Movies\Deewaar 1975","True"
"Movies","Delicatessen 1991","Movies\Delicatessen 1991","True"
"Movies","Deliverance 1972","Movies\Deliverance 1972","True"
"Movies","Demon Slayer_ Kimetsu no Yaiba - Mt. Natagumo Arc 2020","Movies\Demon Slayer_ Kimetsu no Yaiba - Mt. Natagumo Arc 2020","True"
"Movies","Demon Slayer_ Kimetsu no Yaiba - The Movie_ Mugen Train 2020","Movies\Demon Slayer_ Kimetsu no Yaiba - The Movie_ Mugen Train 2020","True"
"Movies","Demon Slayer_ Kimetsu no Yaiba - Tsuzumi Mansion Arc 2021","Movies\Demon Slayer_ Kimetsu no Yaiba - Tsuzumi Mansion Arc 2021","True"
"Movies","Departures 2008","Movies\Departures 2008","True"
"Movies","Der Himmel über Berlin 1987","Movies\Der Himmel über Berlin 1987","True"
"Movies","Der Name der Rose 1986","Movies\Der Name der Rose 1986","True"
"Movies","Der Untergang 2004","Movies\Der Untergang 2004","True"
"Movies","Dersu Uzala 1975","Movies\Dersu Uzala 1975","True"
"Movies","Despicable Me 2010","Movies\Despicable Me 2010","True"
"Movies","Det sjunde inseglet 1957","Movies\Det sjunde inseglet 1957","True"
"Movies","Detachment 2011","Movies\Detachment 2011","True"
"Movies","Dev.D 2009","Movies\Dev.D 2009","True"
"Movies","Dhuruvangal Pathinaaru 2016","Movies\Dhuruvangal Pathinaaru 2016","True"
"Movies","Diabolique 1955","Movies\Diabolique 1955","True"
"Movies","Dial M for Murder 1954","Movies\Dial M for Murder 1954","True"
"Movies","Diarios de motocicleta 2004","Movies\Diarios de motocicleta 2004","True"
"Movies","Die Hard 1988","Movies\Die Hard 1988","True"
"Movies","Die Hard_ With a Vengeance 1995","Movies\Die Hard_ With a Vengeance 1995","True"
"Movies","Die Welle 2008","Movies\Die Welle 2008","True"
"Movies","Dil Bechara 2020","Movies\Dil Bechara 2020","True"
"Movies","Dil Chahta Hai 2001","Movies\Dil Chahta Hai 2001","True"
"Movies","Dilwale Dulhania Le Jayenge 1995","Movies\Dilwale Dulhania Le Jayenge 1995","True"
"Movies","Dip huet seung hung 1989","Movies\Dip huet seung hung 1989","True"
"Movies","Dirty Harry 1971","Movies\Dirty Harry 1971","True"
"Movies","District 9 2009","Movies\District 9 2009","True"
"Movies","Divorce Italian Style 1961","Movies\Divorce Italian Style 1961","True"
"Movies","Django Unchained 2012","Movies\Django Unchained 2012","True"
"Movies","Do lok tin si 1995","Movies\Do lok tin si 1995","True"
"Movies","Do the Right Thing 1989","Movies\Do the Right Thing 1989","True"
"Movies","Doctor Zhivago 1965","Movies\Doctor Zhivago 1965","True"
"Movies","Dog Day Afternoon 1975","Movies\Dog Day Afternoon 1975","True"
"Movies","Dogville 2003","Movies\Dogville 2003","True"
"Movies","Dom za vesanje 1988","Movies\Dom za vesanje 1988","True"
"Movies","Donnie Brasco 1997","Movies\Donnie Brasco 1997","True"
"Movies","Donnie Darko 2001","Movies\Donnie Darko 2001","True"
"Movies","Double Indemnity 1944","Movies\Double Indemnity 1944","True"
"Movies","Down by Law 1986","Movies\Down by Law 1986","True"
"Movies","Downfall 2004","Movies\Downfall 2004","True"
"Movies","Dr. Strangelove or_ How I Learned to Stop Worrying and Love the Bomb 1964","Movies\Dr. Strangelove or_ How I Learned to Stop Worrying and Love the Bomb 1964","True"
"Movies","Drishyam 2 2021","Movies\Drishyam 2 2021","True"
"Movies","Drishyam 2 2022","Movies\Drishyam 2 2022","True"
"Movies","Drishyam 2013","Movies\Drishyam 2013","True"
"Movies","Drishyam 2015","Movies\Drishyam 2015","True"
"Movies","Drive 2011","Movies\Drive 2011","True"
"Movies","Druk 2020","Movies\Druk 2020","True"
"Movies","Du rififi chez les hommes 1955","Movies\Du rififi chez les hommes 1955","True"
"Movies","Duck Soup 1933","Movies\Duck Soup 1933","True"
"Movies","Dune 2021","Movies\Dune 2021","True"
"Movies","Dunkirk 2017","Movies\Dunkirk 2017","True"
"Movies","E.T. 1982","Movies\E.T. 1982","True"
"Movies","E.T. the Extra-Terrestrial 1982","Movies\E.T. the Extra-Terrestrial 1982","True"
"Movies","East of Eden 1955","Movies\East of Eden 1955","True"
"Movies","Eastern Promises 2007","Movies\Eastern Promises 2007","True"
"Movies","Ed Wood 1994","Movies\Ed Wood 1994","True"
"Movies","Edge of Tomorrow 2014","Movies\Edge of Tomorrow 2014","True"
"Movies","Edward Scissorhands 1990","Movies\Edward Scissorhands 1990","True"
"Movies","Efter brylluppet 2006","Movies\Efter brylluppet 2006","True"
"Movies","El ángel exterminador 1962","Movies\El ángel exterminador 1962","True"
"Movies","El cuerpo 2012","Movies\El cuerpo 2012","True"
"Movies","El secreto de sus ojos 2009","Movies\El secreto de sus ojos 2009","True"
"Movies","Elevator to the Gallows 1958","Movies\Elevator to the Gallows 1958","True"
"Movies","Elite Squad 2_ The Enemy Within 2010","Movies\Elite Squad 2_ The Enemy Within 2010","True"
"Movies","Elite Squad 2007","Movies\Elite Squad 2007","True"
"Movies","Embrace of the Serpent 2015","Movies\Embrace of the Serpent 2015","True"
"Movies","Empire of the Sun 1987","Movies\Empire of the Sun 1987","True"
"Movies","En man som heter Ove 2015","Movies\En man som heter Ove 2015","True"
"Movies","End of Watch 2012","Movies\End of Watch 2012","True"
"Movies","Enemy at the Gates 2001","Movies\Enemy at the Gates 2001","True"
"Movies","English Vinglish 2012","Movies\English Vinglish 2012","True"
"Movies","Enter the Dragon 1973","Movies\Enter the Dragon 1973","True"
"Movies","Escape from Alcatraz 1979","Movies\Escape from Alcatraz 1979","True"
"Movies","Eskiya 1996","Movies\Eskiya 1996","True"
"Movies","Eternal Sunshine of the Spotless Mind 2004","Movies\Eternal Sunshine of the Spotless Mind 2004","True"
"Movies","Eternity and a Day 1998","Movies\Eternity and a Day 1998","True"
"Movies","Evangelion_ 2.0 You Can (Not) Advance 2009","Movies\Evangelion_ 2.0 You Can (Not) Advance 2009","True"
"Movies","Evangelion_ 3.0+1.01 Thrice Upon a Time 2021","Movies\Evangelion_ 3.0+1.01 Thrice Upon a Time 2021","True"
"Movies","Everything Everywhere All at Once 2022","Movies\Everything Everywhere All at Once 2022","True"
"Movies","Evil Dead II 1987","Movies\Evil Dead II 1987","True"
"Movies","Ex Machina 2014","Movies\Ex Machina 2014","True"
"Movies","Fa yeung nin wah 2000","Movies\Fa yeung nin wah 2000","True"
"Movies","Fail Safe 1964","Movies\Fail Safe 1964","True"
"Movies","Falling Down 1993","Movies\Falling Down 1993","True"
"Movies","Fanny and Alexander 1982","Movies\Fanny and Alexander 1982","True"
"Movies","Fanny och Alexander 1982","Movies\Fanny och Alexander 1982","True"
"Movies","Fantasia 1940","Movies\Fantasia 1940","True"
"Movies","Fantastic Mr. Fox 2009","Movies\Fantastic Mr. Fox 2009","True"
"Movies","Farewell My Concubine 1992","Movies\Farewell My Concubine 1992","True"
"Movies","Fargo 1996","Movies\Fargo 1996","True"
"Movies","Farha 2021","Movies\Farha 2021","True"
"Movies","Faust 1926","Movies\Faust 1926","True"
"Movies","Fear and Loathing in Las Vegas 1998","Movies\Fear and Loathing in Las Vegas 1998","True"
"Movies","Ferris Bueller's Day Off 1986","Movies\Ferris Bueller's Day Off 1986","True"
"Movies","Festen 1998","Movies\Festen 1998","True"
"Movies","Fiddler on the Roof 1971","Movies\Fiddler on the Roof 1971","True"
"Movies","Fight Club 1999","Movies\Fight Club 1999","True"
"Movies","Filantropica 2002","Movies\Filantropica 2002","True"
"Movies","Finding Nemo 2003","Movies\Finding Nemo 2003","True"
"Movies","Finding Neverland 2004","Movies\Finding Neverland 2004","True"
"Movies","First Blood 1982","Movies\First Blood 1982","True"
"Movies","Fitzcarraldo 1982","Movies\Fitzcarraldo 1982","True"
"Movies","Flipped 2010","Movies\Flipped 2010","True"
"Movies","For a Few Dollars More 1965","Movies\For a Few Dollars More 1965","True"
"Movies","Forbidden Games 1952","Movies\Forbidden Games 1952","True"
"Movies","Ford v Ferrari 2019","Movies\Ford v Ferrari 2019","True"
"Movies","Forrest Gump 1994","Movies\Forrest Gump 1994","True"
"Movies","Forushande 2016","Movies\Forushande 2016","True"
"Movies","Frankenstein 1931","Movies\Frankenstein 1931","True"
"Movies","Freaks 1932","Movies\Freaks 1932","True"
"Movies","Fried Green Tomatoes 1991","Movies\Fried Green Tomatoes 1991","True"
"Movies","From Here to Eternity 1953","Movies\From Here to Eternity 1953","True"
"Movies","From the Village to the City 1974","Movies\From the Village to the City 1974","True"
"Movies","Frost_Nixon 2008","Movies\Frost_Nixon 2008","True"
"Movies","Fukrey 3 2023","Movies\Fukrey 3 2023","True"
"Movies","Full Metal Jacket 1987","Movies\Full Metal Jacket 1987","True"
"Movies","Funny Games 1997","Movies\Funny Games 1997","True"
"Movies","G.O.R.A. 2004","Movies\G.O.R.A. 2004","True"
"Movies","Gake no ue no Ponyo 2008","Movies\Gake no ue no Ponyo 2008","True"
"Movies","Gandhi 1982","Movies\Gandhi 1982","True"
"Movies","Gangs of Wasseypur 2012","Movies\Gangs of Wasseypur 2012","True"
"Movies","Gangubai Kathiawadi 2022","Movies\Gangubai Kathiawadi 2022","True"
"Movies","Gaslight 1944","Movies\Gaslight 1944","True"
"Movies","Gattaca 1997","Movies\Gattaca 1997","True"
"Movies","Gegen die Wand 2004","Movies\Gegen die Wand 2004","True"
"Movies","Gemide 1998","Movies\Gemide 1998","True"
"Movies","Gentlemen of Fortune 1971","Movies\Gentlemen of Fortune 1971","True"
"Movies","Get Out 2017","Movies\Get Out 2017","True"
"Movies","Ghilli 2004","Movies\Ghilli 2004","True"
"Movies","Ghost in the Shell 1995","Movies\Ghost in the Shell 1995","True"
"Movies","Ghost in the Shell 2.0 2008","Movies\Ghost in the Shell 2.0 2008","True"
"Movies","Ghostbusters 1984","Movies\Ghostbusters 1984","True"
"Movies","Giant 1956","Movies\Giant 1956","True"
"Movies","Gifted 2017","Movies\Gifted 2017","True"
"Movies","Gilda 1946","Movies\Gilda 1946","True"
"Movies","Gisaengchung 2019","Movies\Gisaengchung 2019","True"
"Movies","Giù la testa 1971","Movies\Giù la testa 1971","True"
"Movies","Gladiator 2000","Movies\Gladiator 2000","True"
"Movies","Glengarry Glen Ross 1992","Movies\Glengarry Glen Ross 1992","True"
"Movies","Glory 1989","Movies\Glory 1989","True"
"Movies","God's Own Country 2017","Movies\God's Own Country 2017","True"
"Movies","Gol Maal 1979","Movies\Gol Maal 1979","True"
"Movies","Goldfinger 1964","Movies\Goldfinger 1964","True"
"Movies","Gone Baby Gone 2007","Movies\Gone Baby Gone 2007","True"
"Movies","Gone Girl 2014","Movies\Gone Girl 2014","True"
"Movies","Gone with the Wind 1939","Movies\Gone with the Wind 1939","True"
"Movies","Gongdong gyeongbi guyeok JSA 2000","Movies\Gongdong gyeongbi guyeok JSA 2000","True"
"Movies","Good Bye Lenin! 2003","Movies\Good Bye Lenin! 2003","True"
"Movies","Good Will Hunting 1997","Movies\Good Will Hunting 1997","True"
"Movies","Goodbye, Children 1987","Movies\Goodbye, Children 1987","True"
"Movies","Goodbye, Mr. Chips 1939","Movies\Goodbye, Mr. Chips 1939","True"
"Movies","Goodfellas 1990","Movies\Goodfellas 1990","True"
"Movies","Gran Torino 2008","Movies\Gran Torino 2008","True"
"Movies","Grave of the Fireflies 1988","Movies\Grave of the Fireflies 1988","True"
"Movies","Gravity 2013","Movies\Gravity 2013","True"
"Movies","Great Expectations 1946","Movies\Great Expectations 1946","True"
"Movies","Greed 1924","Movies\Greed 1924","True"
"Movies","Green Book 2018","Movies\Green Book 2018","True"
"Movies","Groundhog Day 1993","Movies\Groundhog Day 1993","True"
"Movies","Guardians of the Galaxy 2014","Movies\Guardians of the Galaxy 2014","True"
"Movies","Guardians of the Galaxy Vol. 2 2017","Movies\Guardians of the Galaxy Vol. 2 2017","True"
"Movies","Guardians of the Galaxy Vol. 3 2023","Movies\Guardians of the Galaxy Vol. 3 2023","True"
"Movies","Guess Who's Coming to Dinner 1967","Movies\Guess Who's Coming to Dinner 1967","True"
"Movies","Gully Boy 2019","Movies\Gully Boy 2019","True"
"Movies","Gulaal 2009","Movies\Gulaal 2009","True"
"Movies","Hable con ella 2002","Movies\Hable con ella 2002","True"
"Movies","Hachi_ A Dog's Tale 2009","Movies\Hachi_ A Dog's Tale 2009","True"
"Movies","Hacksaw Ridge 2016","Movies\Hacksaw Ridge 2016","True"
"Movies","Haider 2014","Movies\Haider 2014","True"
"Movies","Halloween 1978","Movies\Halloween 1978","True"
"Movies","Hamilton 2020","Movies\Hamilton 2020","True"
"Movies","Hamlet 1996","Movies\Hamlet 1996","True"
"Movies","Hana-bi 1997","Movies\Hana-bi 1997","True"
"Movies","Hannah and Her Sisters 1986","Movies\Hannah and Her Sisters 1986","True"
"Movies","Happiness 1998","Movies\Happiness 1998","True"
"Movies","Harakiri 1962","Movies\Harakiri 1962","True"
"Movies","Harold and Maude 1971","Movies\Harold and Maude 1971","True"
"Movies","Harry Potter and the Deathly Hallows_ Part 1 2010","Movies\Harry Potter and the Deathly Hallows_ Part 1 2010","True"
"Movies","Harry Potter and the Deathly Hallows_ Part 2 2011","Movies\Harry Potter and the Deathly Hallows_ Part 2 2011","True"
"Movies","Harry Potter and the Goblet of Fire 2005","Movies\Harry Potter and the Goblet of Fire 2005","True"
"Movies","Harry Potter and the Half-Blood Prince 2009","Movies\Harry Potter and the Half-Blood Prince 2009","True"
"Movies","Harry Potter and the Prisoner of Azkaban 2004","Movies\Harry Potter and the Prisoner of Azkaban 2004","True"
"Movies","Harry Potter and the Sorcerer's Stone 2001","Movies\Harry Potter and the Sorcerer's Stone 2001","True"
"Movies","Harvey 1950","Movies\Harvey 1950","True"
"Movies","Hauru no ugoku shiro 2004","Movies\Hauru no ugoku shiro 2004","True"
"Movies","Head-On 2004","Movies\Head-On 2004","True"
"Movies","Heat 1995","Movies\Heat 1995","True"
"Movies","Hedwig and the Angry Inch 2001","Movies\Hedwig and the Angry Inch 2001","True"
"Movies","Hell or High Water 2016","Movies\Hell or High Water 2016","True"
"Movies","Her 2013","Movies\Her 2013","True"
"Movies","Her Sey Çok Güzel Olacak 1998","Movies\Her Sey Çok Güzel Olacak 1998","True"
"Movies","Hera Pheri 2000","Movies\Hera Pheri 2000","True"
"Movies","Hero 2002","Movies\Hero 2002","True"
"Movies","Hey Ram 2000","Movies\Hey Ram 2000","True"
"Movies","Hidden Figures 2016","Movies\Hidden Figures 2016","True"
"Movies","High and Low 1963","Movies\High and Low 1963","True"
"Movies","High Noon 1952","Movies\High Noon 1952","True"
"Movies","Hiroshima mon amour 1959","Movies\Hiroshima mon amour 1959","True"
"Movies","His Girl Friday 1940","Movies\His Girl Friday 1940","True"
"Movies","Home Alone 1990","Movies\Home Alone 1990","True"
"Movies","Hot Fuzz 2007","Movies\Hot Fuzz 2007","True"
"Movies","Hotaru no haka 1988","Movies\Hotaru no haka 1988","True"
"Movies","Hotel Rwanda 2004","Movies\Hotel Rwanda 2004","True"
"Movies","How to Train Your Dragon 2 2014","Movies\How to Train Your Dragon 2 2014","True"
"Movies","How to Train Your Dragon 2010","Movies\How to Train Your Dragon 2010","True"
"Movies","Howl's Moving Castle 2004","Movies\Howl's Moving Castle 2004","True"
"Movies","Hridayam 2022","Movies\Hridayam 2022","True"
"Movies","Hud 1963","Movies\Hud 1963","True"
"Movies","Hunt for the Wilderpeople 2016","Movies\Hunt for the Wilderpeople 2016","True"
"Movies","Huo Yuan Jia 2006","Movies\Huo Yuan Jia 2006","True"
"Movies","Hævnen 2010","Movies\Hævnen 2010","True"
"Movies","Höstsonaten 1978","Movies\Höstsonaten 1978","True"
"Movies","I Am a Fugitive from a Chain Gang 1932","Movies\I Am a Fugitive from a Chain Gang 1932","True"
"Movies","I Am Cuba 1964","Movies\I Am Cuba 1964","True"
"Movies","I Am Sam 2001","Movies\I Am Sam 2001","True"
"Movies","I Remember 1973","Movies\I Remember 1973","True"
"Movies","I Saw the Devil 2010","Movies\I Saw the Devil 2010","True"
"Movies","I Want to Eat Your Pancreas 2018","Movies\I Want to Eat Your Pancreas 2018","True"
"Movies","I, Daniel Blake 2016","Movies\I, Daniel Blake 2016","True"
"Movies","Idi i smotri 1985","Movies\Idi i smotri 1985","True"
"Movies","Ikiru 1952","Movies\Ikiru 1952","True"
"Movies","Il buono, il brutto, il cattivo 1966","Movies\Il buono, il brutto, il cattivo 1966","True"
"Movies","Il conformista 1970","Movies\Il conformista 1970","True"
"Movies","Il postino 1994","Movies\Il postino 1994","True"
"Movies","Il Sorpasso 1962","Movies\Il Sorpasso 1962","True"
"Movies","Imitation of Life 1959","Movies\Imitation of Life 1959","True"
"Movies","In a Lonely Place 1950","Movies\In a Lonely Place 1950","True"
"Movies","In America 2002","Movies\In America 2002","True"
"Movies","In Bruges 2008","Movies\In Bruges 2008","True"
"Movies","In Cold Blood 1967","Movies\In Cold Blood 1967","True"
"Movies","In the Heat of the Night 1967","Movies\In the Heat of the Night 1967","True"
"Movies","In the Mood for Love 2000","Movies\In the Mood for Love 2000","True"
"Movies","In the Name of the Father 1993","Movies\In the Name of the Father 1993","True"
"Movies","Incendies 2010","Movies\Incendies 2010","True"
"Movies","Inception 2010","Movies\Inception 2010","True"
"Movies","Incredibles 2 2018","Movies\Incredibles 2 2018","True"
"Movies","Indian 1996","Movies\Indian 1996","True"
"Movies","Indiana Jones and the Last Crusade 1989","Movies\Indiana Jones and the Last Crusade 1989","True"
"Movies","Infernal Affairs 2002","Movies\Infernal Affairs 2002","True"
"Movies","Inglourious Basterds 2009","Movies\Inglourious Basterds 2009","True"
"Movies","Inherit the Wind 1960","Movies\Inherit the Wind 1960","True"
"Movies","Innocence 1997","Movies\Innocence 1997","True"
"Movies","Inside Man 2006","Movies\Inside Man 2006","True"
"Movies","Inside Out 2015","Movies\Inside Out 2015","True"
"Movies","Interstate 60_ Episodes of the Road 2002","Movies\Interstate 60_ Episodes of the Road 2002","True"
"Movies","Interstellar 2014","Movies\Interstellar 2014","True"
"Movies","Into the Wild 2007","Movies\Into the Wild 2007","True"
"Movies","Invasion of the Body Snatchers 1956","Movies\Invasion of the Body Snatchers 1956","True"
"Movies","Investigation of a Citizen Above Suspicion 1970","Movies\Investigation of a Citizen Above Suspicion 1970","True"
"Movies","Ip Man 2008","Movies\Ip Man 2008","True"
"Movies","Iqbal 2005","Movies\Iqbal 2005","True"
"Movies","Iron Man 2008","Movies\Iron Man 2008","True"
"Movies","Isle of Dogs 2018","Movies\Isle of Dogs 2018","True"
"Movies","It Happened One Night 1934","Movies\It Happened One Night 1934","True"
"Movies","It's a Wonderful Life 1946","Movies\It's a Wonderful Life 1946","True"
"Movies","It's Such a Beautiful Day 2012","Movies\It's Such a Beautiful Day 2012","True"
"Movies","Ivan Vasilyevich Changes His Profession 1973","Movies\Ivan Vasilyevich Changes His Profession 1973","True"
"Movies","Ivanovo detstvo 1962","Movies\Ivanovo detstvo 1962","True"
"Movies","Ivan's Childhood 1962","Movies\Ivan's Childhood 1962","True"
"Movies","Ivy 2015","Movies\Ivy 2015","True"
"Movies","Jab We Met 2007","Movies\Jab We Met 2007","True"
"Movies","Jagten 2012","Movies\Jagten 2012","True"
"Movies","Jai Bhim 2021","Movies\Jai Bhim 2021","True"
"Movies","Jana Gana Mana 2022","Movies\Jana Gana Mana 2022","True"
"Movies","Jaws 1975","Movies\Jaws 1975","True"
"Movies","Jean de Florette 1986","Movies\Jean de Florette 1986","True"
"Movies","Jersey 2019","Movies\Jersey 2019","True"
"Movies","Jeux d'enfants 2003","Movies\Jeux d'enfants 2003","True"
"Movies","JFK 1991","Movies\JFK 1991","True"
"Movies","Jigarthanda 2014","Movies\Jigarthanda 2014","True"
"Movies","Jo Jeeta Wohi Sikandar 1992","Movies\Jo Jeeta Wohi Sikandar 1992","True"
"Movies","Jodaeiye Nader az Simin 2011","Movies\Jodaeiye Nader az Simin 2011","True"
"Movies","John Wick_ Chapter 4 2023","Movies\John Wick_ Chapter 4 2023","True"
"Movies","Johnny Gaddaar 2007","Movies\Johnny Gaddaar 2007","True"
"Movies","Johnny Got His Gun 1971","Movies\Johnny Got His Gun 1971","True"
"Movies","Jojo Rabbit 2019","Movies\Jojo Rabbit 2019","True"
"Movies","Joker 2019","Movies\Joker 2019","True"
"Movies","Joyeux Noël 2005","Movies\Joyeux Noël 2005","True"
"Movies","Jûbê ninpûchô 1993","Movies\Jûbê ninpûchô 1993","True"
"Movies","Judgment at Nuremberg 1961","Movies\Judgment at Nuremberg 1961","True"
"Movies","Jujutsu Kaisen 0 2021","Movies\Jujutsu Kaisen 0 2021","True"
"Movies","Jules et Jim 1962","Movies\Jules et Jim 1962","True"
"Movies","Jungfrukällan 1960","Movies\Jungfrukällan 1960","True"
"Movies","Jurassic Park 1993","Movies\Jurassic Park 1993","True"
"Movies","Just Mercy 2019","Movies\Just Mercy 2019","True"
"Movies","Jaane Bhi Do Yaaro 1983","Movies\Jaane Bhi Do Yaaro 1983","True"
"Movies","K.G.F_ Chapter 1 2018","Movies\K.G.F_ Chapter 1 2018","True"
"Movies","K.G.F_ Chapter 2 2022","Movies\K.G.F_ Chapter 2 2022","True"
"Movies","Kagemusha 1980","Movies\Kagemusha 1980","True"
"Movies","Kaguyahime no monogatari 2013","Movies\Kaguyahime no monogatari 2013","True"
"Movies","Kahaani 2012","Movies\Kahaani 2012","True"
"Movies","Kai po che! 2013","Movies\Kai po che! 2013","True"
"Movies","Kaithi 2019","Movies\Kaithi 2019","True"
"Movies","Kakushi-toride no san-akunin 1958","Movies\Kakushi-toride no san-akunin 1958","True"
"Movies","Kal Ho Naa Ho 2003","Movies\Kal Ho Naa Ho 2003","True"
"Movies","Kantara 2022","Movies\Kantara 2022","True"
"Movies","Kari-gurashi no Arietti 2010","Movies\Kari-gurashi no Arietti 2010","True"
"Movies","Karnan 2021","Movies\Karnan 2021","True"
"Movies","Karthikeya 2 2022","Movies\Karthikeya 2 2022","True"
"Movies","Kaththi 2014","Movies\Kaththi 2014","True"
"Movies","Kaun Pravin Tambe_ 2022","Movies\Kaun Pravin Tambe_ 2022","True"
"Movies","Kaze no tani no Naushika 1984","Movies\Kaze no tani no Naushika 1984","True"
"Movies","Kaze tachinu 2013","Movies\Kaze tachinu 2013","True"
"Movies","Kelly's Heroes 1970","Movies\Kelly's Heroes 1970","True"
"Movies","Kes 1969","Movies\Kes 1969","True"
"Movies","Key Largo 1948","Movies\Key Largo 1948","True"
"Movies","Khosla Ka Ghosla! 2006","Movies\Khosla Ka Ghosla! 2006","True"
"Movies","Kibar Feyzo 1978","Movies\Kibar Feyzo 1978","True"
"Movies","Kick-Ass 2010","Movies\Kick-Ass 2010","True"
"Movies","Kidnapping, Caucasian Style 1967","Movies\Kidnapping, Caucasian Style 1967","True"
"Movies","Kiki's Delivery Service 1989","Movies\Kiki's Delivery Service 1989","True"
"Movies","Kill Bill_ The Whole Bloody Affair 2006","Movies\Kill Bill_ The Whole Bloody Affair 2006","True"
"Movies","Kill Bill_ Vol. 1 2003","Movies\Kill Bill_ Vol. 1 2003","True"
"Movies","Kill Bill_ Vol. 2 2004","Movies\Kill Bill_ Vol. 2 2004","True"
"Movies","Kimi no na wa. 2016","Movies\Kimi no na wa. 2016","True"
"Movies","Kind Hearts and Coronets 1949","Movies\Kind Hearts and Coronets 1949","True"
"Movies","Kin-dza-dza! 1986","Movies\Kin-dza-dza! 1986","True"
"Movies","King Kong 1933","Movies\King Kong 1933","True"
"Movies","King of the Doormen 1976","Movies\King of the Doormen 1976","True"
"Movies","Kingsman_ The Secret Service 2014","Movies\Kingsman_ The Secret Service 2014","True"
"Movies","Kis Uykusu 2014","Movies\Kis Uykusu 2014","True"
"Movies","Klaus 2019","Movies\Klaus 2019","True"
"Movies","Knives Out 2019","Movies\Knives Out 2019","True"
"Movies","Knockin' on Heaven's Door 1997","Movies\Knockin' on Heaven's Door 1997","True"
"Movies","Koe no katachi 2016","Movies\Koe no katachi 2016","True"
"Movies","Kôkaku Kidôtai 1995","Movies\Kôkaku Kidôtai 1995","True"
"Movies","Kokuhaku 2010","Movies\Kokuhaku 2010","True"
"Movies","Kramer vs. Kramer 1979","Movies\Kramer vs. Kramer 1979","True"
"Movies","Kubo and the Two Strings 2016","Movies\Kubo and the Two Strings 2016","True"
"Movies","Kumbalangi Nights 2019","Movies\Kumbalangi Nights 2019","True"
"Movies","Kumonosu-jô 1957","Movies\Kumonosu-jô 1957","True"
"Movies","Kung fu 2004","Movies\Kung fu 2004","True"
"Movies","Kurenai no buta 1992","Movies\Kurenai no buta 1992","True"
"Movies","Kwaidan 1964","Movies\Kwaidan 1964","True"
"Movies","L.A. Confidential 1997","Movies\L.A. Confidential 1997","True"
"Movies","La battaglia di Algeri 1966","Movies\La battaglia di Algeri 1966","True"
"Movies","La dolce vita 1960","Movies\La dolce vita 1960","True"
"Movies","La double vie de Véronique 1991","Movies\La double vie de Véronique 1991","True"
"Movies","La grande bellezza 2013","Movies\La grande bellezza 2013","True"
"Movies","La Grande Illusion 1937","Movies\La Grande Illusion 1937","True"
"Movies","La Grande Vadrouille 1966","Movies\La Grande Vadrouille 1966","True"
"Movies","La haine 1995","Movies\La haine 1995","True"
"Movies","La La Land 2016","Movies\La La Land 2016","True"
"Movies","La leggenda del pianista sull'oceano 1998","Movies\La leggenda del pianista sull'oceano 1998","True"
"Movies","La migliore offerta 2013","Movies\La migliore offerta 2013","True"
"Movies","La montaña sagrada 1973","Movies\La montaña sagrada 1973","True"
"Movies","La Notte 1961","Movies\La Notte 1961","True"
"Movies","La passion de Jeanne d'Arc 1928","Movies\La passion de Jeanne d'Arc 1928","True"
"Movies","La piel que habito 2011","Movies\La piel que habito 2011","True"
"Movies","La planète sauvage 1973","Movies\La planète sauvage 1973","True"
"Movies","La règle du jeu 1939","Movies\La règle du jeu 1939","True"
"Movies","La Strada 1954","Movies\La Strada 1954","True"
"Movies","La vie d'Adèle 2013","Movies\La vie d'Adèle 2013","True"
"Movies","La Vie En Rose 2007","Movies\La Vie En Rose 2007","True"
"Movies","La vita è bella 1997","Movies\La vita è bella 1997","True"
"Movies","Ladri di biciclette 1948","Movies\Ladri di biciclette 1948","True"
"Movies","Lage Raho Munna Bhai 2006","Movies\Lage Raho Munna Bhai 2006","True"
"Movies","Lagaan_ Once Upon a Time in India 2001","Movies\Lagaan_ Once Upon a Time in India 2001","True"
"Movies","Land of Mine 2015","Movies\Land of Mine 2015","True"
"Movies","Lat sau san taam 1992","Movies\Lat sau san taam 1992","True"
"Movies","L'Atalante 1934","Movies\L'Atalante 1934","True"
"Movies","Late Spring 1949","Movies\Late Spring 1949","True"
"Movies","Laura 1944","Movies\Laura 1944","True"
"Movies","L'avventura 1960","Movies\L'avventura 1960","True"
"Movies","Law of Tehran 2019","Movies\Law of Tehran 2019","True"
"Movies","Lawrence of Arabia 1962","Movies\Lawrence of Arabia 1962","True"
"Movies","Le charme discret de la bourgeoisie 1972","Movies\Le charme discret de la bourgeoisie 1972","True"
"Movies","Le dîner de cons 1998","Movies\Le dîner de cons 1998","True"
"Movies","Le locataire 1976","Movies\Le locataire 1976","True"
"Movies","Le notti di Cabiria 1957","Movies\Le notti di Cabiria 1957","True"
"Movies","Le passé 2013","Movies\Le passé 2013","True"
"Movies","Le Petit Prince 2015","Movies\Le Petit Prince 2015","True"
"Movies","Le salaire de la peur 1953","Movies\Le salaire de la peur 1953","True"
"Movies","Le samouraï 1967","Movies\Le samouraï 1967","True"
"Movies","Le scaphandre et le papillon 2007","Movies\Le scaphandre et le papillon 2007","True"
"Movies","Le Trou 1960","Movies\Le Trou 1960","True"
"Movies","Leila's Brothers 2022","Movies\Leila's Brothers 2022","True"
"Movies","Léon 1994","Movies\Léon 1994","True"
"Movies","Léon_ The Professional 1994","Movies\Léon_ The Professional 1994","True"
"Movies","Les choristes 2004","Movies\Les choristes 2004","True"
"Movies","Les diaboliques 1955","Movies\Les diaboliques 1955","True"
"Movies","Les quatre cents coups 1959","Movies\Les quatre cents coups 1959","True"
"Movies","Les triplettes de Belleville 2003","Movies\Les triplettes de Belleville 2003","True"
"Movies","Les yeux sans visage 1960","Movies\Les yeux sans visage 1960","True"
"Movies","Let the Right One In 2008","Movies\Let the Right One In 2008","True"
"Movies","Lethal Weapon 1987","Movies\Lethal Weapon 1987","True"
"Movies","Letter from an Unknown Woman 1948","Movies\Letter from an Unknown Woman 1948","True"
"Movies","Letters from Iwo Jima 2006","Movies\Letters from Iwo Jima 2006","True"
"Movies","Leviafan 2014","Movies\Leviafan 2014","True"
"Movies","Life and a Day 2016","Movies\Life and a Day 2016","True"
"Movies","Life Is Beautiful 1997","Movies\Life Is Beautiful 1997","True"
"Movies","Life of Brian 1979","Movies\Life of Brian 1979","True"
"Movies","Life of Pi 2012","Movies\Life of Pi 2012","True"
"Movies","Lifeboat 1944","Movies\Lifeboat 1944","True"
"Movies","Like Stars on Earth 2007","Movies\Like Stars on Earth 2007","True"
"Movies","Lilja 4-ever 2002","Movies\Lilja 4-ever 2002","True"
"Movies","Lilya 4-Ever 2002","Movies\Lilya 4-Ever 2002","True"
"Movies","Limelight 1952","Movies\Limelight 1952","True"
"Movies","Lion 2016","Movies\Lion 2016","True"
"Movies","Lion of the Desert 1980","Movies\Lion of the Desert 1980","True"
"Movies","Little Miss Sunshine 2006","Movies\Little Miss Sunshine 2006","True"
"Movies","Little Women 2019","Movies\Little Women 2019","True"
"Movies","Lock, Stock and Two Smoking Barrels 1998","Movies\Lock, Stock and Two Smoking Barrels 1998","True"
"Movies","Logan 2017","Movies\Logan 2017","True"
"Movies","Lola rennt 1998","Movies\Lola rennt 1998","True"
"Movies","Lord of War 2005","Movies\Lord of War 2005","True"
"Movies","Lost Highway 1997","Movies\Lost Highway 1997","True"
"Movies","Lost in Translation 2003","Movies\Lost in Translation 2003","True"
"Movies","Love and Death 1975","Movies\Love and Death 1975","True"
"Movies","Love Exposure 2008","Movies\Love Exposure 2008","True"
"Movies","Love Letter 1995","Movies\Love Letter 1995","True"
"Movies","Love Today 2022","Movies\Love Today 2022","True"
"Movies","Loving Vincent 2017","Movies\Loving Vincent 2017","True"
"Movies","Lucia 2013","Movies\Lucia 2013","True"
"Movies","Lucky Number Slevin 2006","Movies\Lucky Number Slevin 2006","True"
"Movies","Låt den rätte komma in 2008","Movies\Låt den rätte komma in 2008","True"
"Movies","M - Eine Stadt sucht einen Mörder 1931","Movies\M - Eine Stadt sucht einen Mörder 1931","True"
"Movies","M 1931","Movies\M 1931","True"
"Movies","M.S. Dhoni_ The Untold Story 2016","Movies\M.S. Dhoni_ The Untold Story 2016","True"
"Movies","Mad Max 2 1981","Movies\Mad Max 2 1981","True"
"Movies","Mad Max_ Fury Road 2015","Movies\Mad Max_ Fury Road 2015","True"
"Movies","Madeo 2009","Movies\Madeo 2009","True"
"Movies","Magnolia 1999","Movies\Magnolia 1999","True"
"Movies","Mahanati 2018","Movies\Mahanati 2018","True"
"Movies","Majo no takkyûbin 1989","Movies\Majo no takkyûbin 1989","True"
"Movies","Major 2022","Movies\Major 2022","True"
"Movies","Malcolm X 1992","Movies\Malcolm X 1992","True"
"Movies","Malik 2021","Movies\Malik 2021","True"
"Movies","Man on Fire 2004","Movies\Man on Fire 2004","True"
"Movies","Manam 2014","Movies\Manam 2014","True"
"Movies","Manbiki kazoku 2018","Movies\Manbiki kazoku 2018","True"
"Movies","Manchester by the Sea 2016","Movies\Manchester by the Sea 2016","True"
"Movies","Mandariinid 2013","Movies\Mandariinid 2013","True"
"Movies","Manhattan 1979","Movies\Manhattan 1979","True"
"Movies","Manichithrathazhu 1993","Movies\Manichithrathazhu 1993","True"
"Movies","Manjhi_ The Mountain Man 2015","Movies\Manjhi_ The Mountain Man 2015","True"
"Movies","Manon of the Spring 1986","Movies\Manon of the Spring 1986","True"
"Movies","Maqbool 2003","Movies\Maqbool 2003","True"
"Movies","Mar adentro 2014","Movies\Mar adentro 2014","True"
"Movies","Maratonci trce pocasni krug 1982","Movies\Maratonci trce pocasni krug 1982","True"
"Movies","Marriage Story 2019","Movies\Marriage Story 2019","True"
"Movies","Mary and Max 2009","Movies\Mary and Max 2009","True"
"Movies","Mary Poppins 1964","Movies\Mary Poppins 1964","True"
"Movies","Masaan 2015","Movies\Masaan 2015","True"
"Movies","Match Point 2005","Movies\Match Point 2005","True"
"Movies","Me and Earl and the Dying Girl 2015","Movies\Me and Earl and the Dying Girl 2015","True"
"Movies","Memento 2000","Movies\Memento 2000","True"
"Movies","Memories of Murder 2003","Movies\Memories of Murder 2003","True"
"Movies","Metropolis 1927","Movies\Metropolis 1927","True"
"Movies","Midnight Cowboy 1969","Movies\Midnight Cowboy 1969","True"
"Movies","Midnight Express 1978","Movies\Midnight Express 1978","True"
"Movies","Midnight in Paris 2011","Movies\Midnight in Paris 2011","True"
"Movies","Mildred Pierce 1945","Movies\Mildred Pierce 1945","True"
"Movies","Miller's Crossing 1990","Movies\Miller's Crossing 1990","True"
"Movies","Million Dollar Baby 2004","Movies\Million Dollar Baby 2004","True"
"Movies","Mimi wo sumaseba 1995","Movies\Mimi wo sumaseba 1995","True"
"Movies","Minority Report 2002","Movies\Minority Report 2002","True"
"Movies","Miracle in Cell No. 7 2013","Movies\Miracle in Cell No. 7 2013","True"
"Movies","Miracle in cell NO.7 2019","Movies\Miracle in cell NO.7 2019","True"
"Movies","Miracle on 34th Street 1947","Movies\Miracle on 34th Street 1947","True"
"Movies","Mirror 1975","Movies\Mirror 1975","True"
"Movies","Mirror Game 2016","Movies\Mirror Game 2016","True"
"Movies","Misery 1990","Movies\Misery 1990","True"
"Movies","Mishima_ A Life in Four Chapters 1985","Movies\Mishima_ A Life in Four Chapters 1985","True"
"Movies","Mission_ Impossible - Dead Reckoning Part One 2023","Movies\Mission_ Impossible - Dead Reckoning Part One 2023","True"
"Movies","Mission_ Impossible - Fallout 2018","Movies\Mission_ Impossible - Fallout 2018","True"
"Movies","Mississippi Burning 1988","Movies\Mississippi Burning 1988","True"
"Movies","Moana 2016","Movies\Moana 2016","True"
"Movies","Modern Times 1936","Movies\Modern Times 1936","True"
"Movies","Mommy 2014","Movies\Mommy 2014","True"
"Movies","Moneyball 2011","Movies\Moneyball 2011","True"
"Movies","Mononoke-hime 1997","Movies\Mononoke-hime 1997","True"
"Movies","Monsters, Inc. 2001","Movies\Monsters, Inc. 2001","True"
"Movies","Montevideo_ Taste of a Dream 2010","Movies\Montevideo_ Taste of a Dream 2010","True"
"Movies","Monty Python and the Holy Grail 1975","Movies\Monty Python and the Holy Grail 1975","True"
"Movies","Moon 2009","Movies\Moon 2009","True"
"Movies","Moonrise Kingdom 2012","Movies\Moonrise Kingdom 2012","True"
"Movies","Moscow Does Not Believe in Tears 1980","Movies\Moscow Does Not Believe in Tears 1980","True"
"Movies","Mou gaan dou 2002","Movies\Mou gaan dou 2002","True"
"Movies","Mr. Nobody 2009","Movies\Mr. Nobody 2009","True"
"Movies","Mr. Smith Goes to Washington 1939","Movies\Mr. Smith Goes to Washington 1939","True"
"Movies","Muhsin Bey 1987","Movies\Muhsin Bey 1987","True"
"Movies","Mulan 1998","Movies\Mulan 1998","True"
"Movies","Mulholland Dr. 2001","Movies\Mulholland Dr. 2001","True"
"Movies","Mulholland Drive 2001","Movies\Mulholland Drive 2001","True"
"Movies","Munna Bhai M.B.B.S. 2003","Movies\Munna Bhai M.B.B.S. 2003","True"
"Movies","Mustang 2015","Movies\Mustang 2015","True"
"Movies","My Cousin Vinny 1992","Movies\My Cousin Vinny 1992","True"
"Movies","My Fair Lady 1964","Movies\My Fair Lady 1964","True"
"Movies","My Father and My Son 2005","Movies\My Father and My Son 2005","True"
"Movies","My Grandfather's People 2011","Movies\My Grandfather's People 2011","True"
"Movies","My Left Foot 1989","Movies\My Left Foot 1989","True"
"Movies","My Left Foot_ The Story of Christy Brown 1989","Movies\My Left Foot_ The Story of Christy Brown 1989","True"
"Movies","My Man Godfrey 1936","Movies\My Man Godfrey 1936","True"
"Movies","My Name Is Khan 2010","Movies\My Name Is Khan 2010","True"
"Movies","My Neighbor Totoro 1988","Movies\My Neighbor Totoro 1988","True"
"Movies","My Sassy Girl 2001","Movies\My Sassy Girl 2001","True"
"Movies","Mysterious Skin 2004","Movies\Mysterious Skin 2004","True"
"Movies","Mystic River 2003","Movies\Mystic River 2003","True"
"Movies","Män som hatar kvinnor 2009","Movies\Män som hatar kvinnor 2009","True"
"Movies","Maanaadu 2021","Movies\Maanaadu 2021","True"
"Movies","Naked 1993","Movies\Naked 1993","True"
"Movies","Nausicaä of the Valley of the Wind 1984","Movies\Nausicaä of the Valley of the Wind 1984","True"
"Movies","Nayakan 1987","Movies\Nayakan 1987","True"
"Movies","Nebraska 2013","Movies\Nebraska 2013","True"
"Movies","Nefes_ Vatan Sagolsun 2009","Movies\Nefes_ Vatan Sagolsun 2009","True"
"Movies","Nelyubov 2017","Movies\Nelyubov 2017","True"
"Movies","Neon Genesis Evangelion_ The End of Evangelion 1997","Movies\Neon Genesis Evangelion_ The End of Evangelion 1997","True"
"Movies","Neseli Günler 1978","Movies\Neseli Günler 1978","True"
"Movies","Network 1976","Movies\Network 1976","True"
"Movies","Night and the City 1950","Movies\Night and the City 1950","True"
"Movies","Night of the Living Dead 1968","Movies\Night of the Living Dead 1968","True"
"Movies","Night on Earth 1991","Movies\Night on Earth 1991","True"
"Movies","Nightcrawler 2014","Movies\Nightcrawler 2014","True"
"Movies","Nights of Cabiria 1957","Movies\Nights of Cabiria 1957","True"
"Movies","Nine Queens 2000","Movies\Nine Queens 2000","True"
"Movies","Ninja Scroll 1993","Movies\Ninja Scroll 1993","True"
"Movies","No Country for Old Men 2007","Movies\No Country for Old Men 2007","True"
"Movies","No Man's Land 2001","Movies\No Man's Land 2001","True"
"Movies","Nobody Knows 2004","Movies\Nobody Knows 2004","True"
"Movies","North by Northwest 1959","Movies\North by Northwest 1959","True"
"Movies","Nosferatu 1922","Movies\Nosferatu 1922","True"
"Movies","Nostalghia 1983","Movies\Nostalghia 1983","True"
"Movies","Notorious 1946","Movies\Notorious 1946","True"
"Movies","Now, Voyager 1942","Movies\Now, Voyager 1942","True"
"Movies","Nueve reinas 2000","Movies\Nueve reinas 2000","True"
"Movies","Nuovo Cinema Paradiso 1988","Movies\Nuovo Cinema Paradiso 1988","True"
"Movies","O Brother, Where Art Thou_ 2000","Movies\O Brother, Where Art Thou_ 2000","True"
"Movies","Ocean's Eleven 2001","Movies\Ocean's Eleven 2001","True"
"Movies","October Sky 1999","Movies\October Sky 1999","True"
"Movies","Office Space 1999","Movies\Office Space 1999","True"
"Movies","Ôkami kodomo no Ame to Yuki 2012","Movies\Ôkami kodomo no Ame to Yuki 2012","True"
"Movies","Okkadu 2003","Movies\Okkadu 2003","True"
"Movies","Okuribito 2008","Movies\Okuribito 2008","True"
"Movies","Oldboy 2003","Movies\Oldboy 2003","True"
"Movies","Oldeuboi 2003","Movies\Oldeuboi 2003","True"
"Movies","Oliver Twist 1948","Movies\Oliver Twist 1948","True"
"Movies","OMG 2 2023","Movies\OMG 2 2023","True"
"Movies","OMG_ Oh My God! 2012","Movies\OMG_ Oh My God! 2012","True"
"Movies","Omkara 2006","Movies\Omkara 2006","True"
"Movies","Omohide poro poro 1991","Movies\Omohide poro poro 1991","True"
"Movies","Omoide no Mânî 2014","Movies\Omoide no Mânî 2014","True"
"Movies","On Golden Pond 1981","Movies\On Golden Pond 1981","True"
"Movies","On the Waterfront 1954","Movies\On the Waterfront 1954","True"
"Movies","Once 2007","Movies\Once 2007","True"
"Movies","Once Upon a Time in America 1984","Movies\Once Upon a Time in America 1984","True"
"Movies","Once Upon a Time in Anatolia 2011","Movies\Once Upon a Time in Anatolia 2011","True"
"Movies","Once Upon a Time in the West 1968","Movies\Once Upon a Time in the West 1968","True"
"Movies","Once Upon a Time... in Hollywood 2019","Movies\Once Upon a Time... in Hollywood 2019","True"
"Movies","Once Were Warriors 1994","Movies\Once Were Warriors 1994","True"
"Movies","Ondskan 2003","Movies\Ondskan 2003","True"
"Movies","One Flew Over the Cuckoo's Nest 1975","Movies\One Flew Over the Cuckoo's Nest 1975","True"
"Movies","One, Two, Three 1961","Movies\One, Two, Three 1961","True"
"Movies","Onibaba 1964","Movies\Onibaba 1964","True"
"Movies","Only the Brave 2017","Movies\Only the Brave 2017","True"
"Movies","Opening Night 1977","Movies\Opening Night 1977","True"
"Movies","Operation 'Y' & Other Shurik's Adventures 1965","Movies\Operation 'Y' & Other Shurik's Adventures 1965","True"
"Movies","Oppenheimer 2023","Movies\Oppenheimer 2023","True"
"Movies","Ordet 1955","Movies\Ordet 1955","True"
"Movies","Ordinary People 1980","Movies\Ordinary People 1980","True"
"Movies","Orpheus 1950","Movies\Orpheus 1950","True"
"Movies","Out of the Past 1947","Movies\Out of the Past 1947","True"
"Movies","Pad Man 2018","Movies\Pad Man 2018","True"
"Movies","Paddington 2 2017","Movies\Paddington 2 2017","True"
"Movies","Pâfekuto burû 1997","Movies\Pâfekuto burû 1997","True"
"Movies","Pan's Labyrinth 2006","Movies\Pan's Labyrinth 2006","True"
"Movies","Paper Moon 1973","Movies\Paper Moon 1973","True"
"Movies","Papillon 1973","Movies\Papillon 1973","True"
"Movies","Papurika 2006","Movies\Papurika 2006","True"
"Movies","Parasite 2019","Movies\Parasite 2019","True"
"Movies","Pardon 2005","Movies\Pardon 2005","True"
"Movies","Paris, Texas 1984","Movies\Paris, Texas 1984","True"
"Movies","Pariyerum Perumal 2018","Movies\Pariyerum Perumal 2018","True"
"Movies","Past Lives 2023","Movies\Past Lives 2023","True"
"Movies","Pather Panchali 1955","Movies\Pather Panchali 1955","True"
"Movies","Paths of Glory 1957","Movies\Paths of Glory 1957","True"
"Movies","Patton 1970","Movies\Patton 1970","True"
"Movies","Peeping Tom 1960","Movies\Peeping Tom 1960","True"
"Movies","Per qualche dollaro in più 1965","Movies\Per qualche dollaro in più 1965","True"
"Movies","Per un pugno di dollari 1964","Movies\Per un pugno di dollari 1964","True"
"Movies","Peranbu 2018","Movies\Peranbu 2018","True"
"Movies","Perfect Blue 1997","Movies\Perfect Blue 1997","True"
"Movies","Perfetti sconosciuti 2016","Movies\Perfetti sconosciuti 2016","True"
"Movies","Persepolis 2007","Movies\Persepolis 2007","True"
"Movies","Persona 1966","Movies\Persona 1966","True"
"Movies","Philadelphia 1993","Movies\Philadelphia 1993","True"
"Movies","Philomena 2013","Movies\Philomena 2013","True"
"Movies","Pink 2016","Movies\Pink 2016","True"
"Movies","Pink Floyd_ The Wall 1982","Movies\Pink Floyd_ The Wall 1982","True"
"Movies","Pirates of the Caribbean_ The Curse of the Black Pearl 2003","Movies\Pirates of the Caribbean_ The Curse of the Black Pearl 2003","True"
"Movies","PK 2014","Movies\PK 2014","True"
"Movies","Planes, Trains & Automobiles 1987","Movies\Planes, Trains & Automobiles 1987","True"
"Movies","Planet of the Apes 1968","Movies\Planet of the Apes 1968","True"
"Movies","Platoon 1986","Movies\Platoon 1986","True"
"Movies","Playtime 1967","Movies\Playtime 1967","True"
"Movies","Pocket Hercules_ Naim Süleymanoglu 2019","Movies\Pocket Hercules_ Naim Süleymanoglu 2019","True"
"Movies","Pokiri 2006","Movies\Pokiri 2006","True"
"Movies","Portrait de la jeune fille en feu 2019","Movies\Portrait de la jeune fille en feu 2019","True"
"Movies","Portrait of a Lady on Fire 2019","Movies\Portrait of a Lady on Fire 2019","True"
"Movies","Predator 1987","Movies\Predator 1987","True"
"Movies","Premam 2015","Movies\Premam 2015","True"
"Movies","Pretty Village, Pretty Flame 1996","Movies\Pretty Village, Pretty Flame 1996","True"
"Movies","Pride & Prejudice 2005","Movies\Pride & Prejudice 2005","True"
"Movies","Pride 2014","Movies\Pride 2014","True"
"Movies","Primal Fear 1996","Movies\Primal Fear 1996","True"
"Movies","Princess Mononoke 1997","Movies\Princess Mononoke 1997","True"
"Movies","Prisoners 2013","Movies\Prisoners 2013","True"
"Movies","Psycho 1960","Movies\Psycho 1960","True"
"Movies","Pulp Fiction 1994","Movies\Pulp Fiction 1994","True"
"Movies","Puss in Boots_ The Last Wish 2022","Movies\Puss in Boots_ The Last Wish 2022","True"
"Movies","Paan Singh Tomar 2012","Movies\Paan Singh Tomar 2012","True"
"Movies","Queen 2013","Movies\Queen 2013","True"
"Movies","Quo Vadis, Aida_ 2020","Movies\Quo Vadis, Aida_ 2020","True"
"Movies","Raging Bull 1980","Movies\Raging Bull 1980","True"
"Movies","Raiders of the Lost Ark 1981","Movies\Raiders of the Lost Ark 1981","True"
"Movies","Rain Man 1988","Movies\Rain Man 1988","True"
"Movies","Raise the Red Lantern 1991","Movies\Raise the Red Lantern 1991","True"
"Movies","Ramayana_ The Legend of Prince Rama 1993","Movies\Ramayana_ The Legend of Prince Rama 1993","True"
"Movies","Ran 1985","Movies\Ran 1985","True"
"Movies","Rang De Basanti 2006","Movies\Rang De Basanti 2006","True"
"Movies","Rangasthalam 1985 2018","Movies\Rangasthalam 1985 2018","True"
"Movies","RangiTaranga 2015","Movies\RangiTaranga 2015","True"
"Movies","Rashômon 1950","Movies\Rashômon 1950","True"
"Movies","Ratatouille 2007","Movies\Ratatouille 2007","True"
"Movies","Ray 2004","Movies\Ray 2004","True"
"Movies","Rear Window 1954","Movies\Rear Window 1954","True"
"Movies","Rebecca 1940","Movies\Rebecca 1940","True"
"Movies","Rebel Without a Cause 1955","Movies\Rebel Without a Cause 1955","True"
"Movies","Red Beard 1965","Movies\Red Beard 1965","True"
"Movies","Red River 1948","Movies\Red River 1948","True"
"Movies","Relatos salvajes 2014","Movies\Relatos salvajes 2014","True"
"Movies","Remember the Titans 2000","Movies\Remember the Titans 2000","True"
"Movies","Repulsion 1965","Movies\Repulsion 1965","True"
"Movies","Requiem for a Dream 2000","Movies\Requiem for a Dream 2000","True"
"Movies","Reservoir Dogs 1992","Movies\Reservoir Dogs 1992","True"
"Movies","Rififi 1955","Movies\Rififi 1955","True"
"Movies","Rio Bravo 1959","Movies\Rio Bravo 1959","True"
"Movies","Road to Perdition 2002","Movies\Road to Perdition 2002","True"
"Movies","Rocco and His Brothers 1960","Movies\Rocco and His Brothers 1960","True"
"Movies","Rocketry_ The Nambi Effect 2022","Movies\Rocketry_ The Nambi Effect 2022","True"
"Movies","Rockstar 2011","Movies\Rockstar 2011","True"
"Movies","Rocky 1976","Movies\Rocky 1976","True"
"Movies","Rogue One 2016","Movies\Rogue One 2016","True"
"Movies","Rogue One_ A Star Wars Story 2016","Movies\Rogue One_ A Star Wars Story 2016","True"
"Movies","Roja 1992","Movies\Roja 1992","True"
"Movies","Roma 2018","Movies\Roma 2018","True"
"Movies","Roman Holiday 1953","Movies\Roman Holiday 1953","True"
"Movies","Rome, Open City 1945","Movies\Rome, Open City 1945","True"
"Movies","Room 2015","Movies\Room 2015","True"
"Movies","Rope 1948","Movies\Rope 1948","True"
"Movies","Rosemary's Baby 1968","Movies\Rosemary's Baby 1968","True"
"Movies","RRR 2022","Movies\RRR 2022","True"
"Movies","Rupan sansei_ Kariosutoro no shiro 1979","Movies\Rupan sansei_ Kariosutoro no shiro 1979","True"
"Movies","Rush 2013","Movies\Rush 2013","True"
"Movies","Rushmore 1998","Movies\Rushmore 1998","True"
"Movies","Raatchasan 2018","Movies\Raatchasan 2018","True"
"Movies","Raazi 2018","Movies\Raazi 2018","True"
"Movies","Saban, Son of Saban 1977","Movies\Saban, Son of Saban 1977","True"
"Movies","Sabrina 1954","Movies\Sabrina 1954","True"
"Movies","Safety Last! 1923","Movies\Safety Last! 1923","True"
"Movies","Sairat 2016","Movies\Sairat 2016","True"
"Movies","Salinui chueok 2003","Movies\Salinui chueok 2003","True"
"Movies","Samurai Rebellion 1967","Movies\Samurai Rebellion 1967","True"
"Movies","Sanjuro 1962","Movies\Sanjuro 1962","True"
"Movies","Sansho the Bailiff 1954","Movies\Sansho the Bailiff 1954","True"
"Movies","Sardar Udham 2021","Movies\Sardar Udham 2021","True"
"Movies","Sarfarosh 1999","Movies\Sarfarosh 1999","True"
"Movies","Sarpatta Parambarai 2021","Movies\Sarpatta Parambarai 2021","True"
"Movies","Satantango 1994","Movies\Satantango 1994","True"
"Movies","Satya 1998","Movies\Satya 1998","True"
"Movies","Saving Private Ryan 1998","Movies\Saving Private Ryan 1998","True"
"Movies","Saw 2004","Movies\Saw 2004","True"
"Movies","Scarface 1983","Movies\Scarface 1983","True"
"Movies","Scarface_ The Shame of the Nation 1932","Movies\Scarface_ The Shame of the Nation 1932","True"
"Movies","Scent of a Woman 1992","Movies\Scent of a Woman 1992","True"
"Movies","Schindler's List 1993","Movies\Schindler's List 1993","True"
"Movies","Se7en 1995","Movies\Se7en 1995","True"
"Movies","Searching 2018","Movies\Searching 2018","True"
"Movies","Secrets & Lies 1996","Movies\Secrets & Lies 1996","True"
"Movies","Section 375 2019","Movies\Section 375 2019","True"
"Movies","Selvi Boylum Al Yazmalim 1977","Movies\Selvi Boylum Al Yazmalim 1977","True"
"Movies","Sen to Chihiro no kamikakushi 2001","Movies\Sen to Chihiro no kamikakushi 2001","True"
"Movies","Sense and Sensibility 1995","Movies\Sense and Sensibility 1995","True"
"Movies","Seppuku 1962","Movies\Seppuku 1962","True"
"Movies","Serbuan maut 2_ Berandal 2014","Movies\Serbuan maut 2_ Berandal 2014","True"
"Movies","Serbuan maut 2011","Movies\Serbuan maut 2011","True"
"Movies","Serenity 2005","Movies\Serenity 2005","True"
"Movies","Serpico 1973","Movies\Serpico 1973","True"
"Movies","Seven Pounds 2008","Movies\Seven Pounds 2008","True"
"Movies","Seven Samurai 1954","Movies\Seven Samurai 1954","True"
"Movies","Shadow of a Doubt 1943","Movies\Shadow of a Doubt 1943","True"
"Movies","Shahid 2012","Movies\Shahid 2012","True"
"Movies","Shame 1968","Movies\Shame 1968","True"
"Movies","Shaun of the Dead 2004","Movies\Shaun of the Dead 2004","True"
"Movies","Sherlock Holmes 2009","Movies\Sherlock Holmes 2009","True"
"Movies","Sherlock Jr. 1924","Movies\Sherlock Jr. 1924","True"
"Movies","Shershaah 2021","Movies\Shershaah 2021","True"
"Movies","Shichinin no samurai 1954","Movies\Shichinin no samurai 1954","True"
"Movies","Shin seiki Evangelion Gekijô-ban_ Air_Magokoro wo, kimi ni 1997","Movies\Shin seiki Evangelion Gekijô-ban_ Air_Magokoro wo, kimi ni 1997","True"
"Movies","Shine 1996","Movies\Shine 1996","True"
"Movies","Sholay 1975","Movies\Sholay 1975","True"
"Movies","Shoplifters 2018","Movies\Shoplifters 2018","True"
"Movies","Short Cuts 1993","Movies\Short Cuts 1993","True"
"Movies","Short Term 12 2013","Movies\Short Term 12 2013","True"
"Movies","Shrek 2001","Movies\Shrek 2001","True"
"Movies","Shutter Island 2010","Movies\Shutter Island 2010","True"
"Movies","Sicario 2015","Movies\Sicario 2015","True"
"Movies","Silenced 2011","Movies\Silenced 2011","True"
"Movies","Silver Linings Playbook 2012","Movies\Silver Linings Playbook 2012","True"
"Movies","Sin City 2005","Movies\Sin City 2005","True"
"Movies","Sing Street 2016","Movies\Sing Street 2016","True"
"Movies","Singin' in the Rain 1952","Movies\Singin' in the Rain 1952","True"
"Movies","Sirf Ek Bandaa Kaafi Hai 2023","Movies\Sirf Ek Bandaa Kaafi Hai 2023","True"
"Movies","Sita Ramam 2022","Movies\Sita Ramam 2022","True"
"Movies","Skyfall 2012","Movies\Skyfall 2012","True"
"Movies","Sleepers 1996","Movies\Sleepers 1996","True"
"Movies","Sleuth 1972","Movies\Sleuth 1972","True"
"Movies","Sling Blade 1996","Movies\Sling Blade 1996","True"
"Movies","Slumdog Millionaire 2008","Movies\Slumdog Millionaire 2008","True"
"Movies","Smultronstället 1957","Movies\Smultronstället 1957","True"
"Movies","Snatch 2000","Movies\Snatch 2000","True"
"Movies","Solaris 1972","Movies\Solaris 1972","True"
"Movies","Some Like It Hot 1959","Movies\Some Like It Hot 1959","True"
"Movies","Sonchiriya 2019","Movies\Sonchiriya 2019","True"
"Movies","Song of the Sea 2014","Movies\Song of the Sea 2014","True"
"Movies","Soodhu Kavvum 2013","Movies\Soodhu Kavvum 2013","True"
"Movies","Soorarai Pottru 2020","Movies\Soorarai Pottru 2020","True"
"Movies","Soul 2020","Movies\Soul 2020","True"
"Movies","Sound of Freedom 2023","Movies\Sound of Freedom 2023","True"
"Movies","Sound of Metal 2019","Movies\Sound of Metal 2019","True"
"Movies","South Park_ Bigger, Longer & Uncut 1999","Movies\South Park_ Bigger, Longer & Uncut 1999","True"
"Movies","South Wind 2018","Movies\South Wind 2018","True"
"Movies","Spartacus 1960","Movies\Spartacus 1960","True"
"Movies","Special 26 2013","Movies\Special 26 2013","True"
"Movies","Special Chabbis 2013","Movies\Special Chabbis 2013","True"
"Movies","Spider-Man_ Across the Spider-Verse 2023","Movies\Spider-Man_ Across the Spider-Verse 2023","True"
"Movies","Spider-Man_ Into the Spider-Verse 2018","Movies\Spider-Man_ Into the Spider-Verse 2018","True"
"Movies","Spider-Man_ No Way Home 2021","Movies\Spider-Man_ No Way Home 2021","True"
"Movies","Spirited Away 2001","Movies\Spirited Away 2001","True"
"Movies","Spoorloos 1988","Movies\Spoorloos 1988","True"
"Movies","Spotlight 2015","Movies\Spotlight 2015","True"
"Movies","Spring, Summer, Fall, Winter... and Spring 2003","Movies\Spring, Summer, Fall, Winter... and Spring 2003","True"
"Movies","Stagecoach 1939","Movies\Stagecoach 1939","True"
"Movies","Stairway to Heaven 1946","Movies\Stairway to Heaven 1946","True"
"Movies","Stalag 17 1953","Movies\Stalag 17 1953","True"
"Movies","Stalker 1979","Movies\Stalker 1979","True"
"Movies","Stand by Me 1986","Movies\Stand by Me 1986","True"
"Movies","Star Trek 2009","Movies\Star Trek 2009","True"
"Movies","Star Trek II_ The Wrath of Khan 1982","Movies\Star Trek II_ The Wrath of Khan 1982","True"
"Movies","Star Trek Into Darkness 2013","Movies\Star Trek Into Darkness 2013","True"
"Movies","Star Wars 1977","Movies\Star Wars 1977","True"
"Movies","Star Wars_ Episode IV - A New Hope 1977","Movies\Star Wars_ Episode IV - A New Hope 1977","True"
"Movies","Star Wars_ Episode V - The Empire Strikes Back 1980","Movies\Star Wars_ Episode V - The Empire Strikes Back 1980","True"
"Movies","Star Wars_ Episode VI - Return of the Jedi 1983","Movies\Star Wars_ Episode VI - Return of the Jedi 1983","True"
"Movies","Star Wars_ Episode VII - The Force Awakens 2015","Movies\Star Wars_ Episode VII - The Force Awakens 2015","True"
"Movies","Stardust 2007","Movies\Stardust 2007","True"
"Movies","Still Walking 2008","Movies\Still Walking 2008","True"
"Movies","Straight Outta Compton 2015","Movies\Straight Outta Compton 2015","True"
"Movies","Strangers on a Train 1951","Movies\Strangers on a Train 1951","True"
"Movies","Sullivan's Travels 1941","Movies\Sullivan's Travels 1941","True"
"Movies","Sunrise 1927","Movies\Sunrise 1927","True"
"Movies","Sunrise_ A Song of Two Humans 1927","Movies\Sunrise_ A Song of Two Humans 1927","True"
"Movies","Sunset Blvd. 1950","Movies\Sunset Blvd. 1950","True"
"Movies","Super 30 2019","Movies\Super 30 2019","True"
"Movies","Super Deluxe 2019","Movies\Super Deluxe 2019","True"
"Movies","Swades 2004","Movies\Swades 2004","True"
"Movies","Swades_ We, the People 2004","Movies\Swades_ We, the People 2004","True"
"Movies","Sweet Smell of Success 1957","Movies\Sweet Smell of Success 1957","True"
"Movies","Synecdoche, New York 2008","Movies\Synecdoche, New York 2008","True"
"Movies","Süt Kardesler 1976","Movies\Süt Kardesler 1976","True"
"Movies","Tae Guk Gi_ The Brotherhood of War 2004","Movies\Tae Guk Gi_ The Brotherhood of War 2004","True"
"Movies","Taegukgi hwinalrimyeo 2004","Movies\Taegukgi hwinalrimyeo 2004","True"
"Movies","Taken 2008","Movies\Taken 2008","True"
"Movies","Talk to Her 2002","Movies\Talk to Her 2002","True"
"Movies","Talvar 2015","Movies\Talvar 2015","True"
"Movies","Tampopo 1985","Movies\Tampopo 1985","True"
"Movies","Tangerines 2013","Movies\Tangerines 2013","True"
"Movies","Tangled 2010","Movies\Tangled 2010","True"
"Movies","Taxi Driver 1976","Movies\Taxi Driver 1976","True"
"Movies","Tengoku to jigoku 1963","Movies\Tengoku to jigoku 1963","True"
"Movies","Tenkû no shiro Rapyuta 1986","Movies\Tenkû no shiro Rapyuta 1986","True"
"Movies","Terminator 2_ Judgment Day 1991","Movies\Terminator 2_ Judgment Day 1991","True"
"Movies","Thalapathi 1991","Movies\Thalapathi 1991","True"
"Movies","Thani Oruvan 2015","Movies\Thani Oruvan 2015","True"
"Movies","The 39 Steps 1935","Movies\The 39 Steps 1935","True"
"Movies","The 400 Blows 1959","Movies\The 400 Blows 1959","True"
"Movies","The Adventures of Robin Hood 1938","Movies\The Adventures of Robin Hood 1938","True"
"Movies","The African Queen 1951","Movies\The African Queen 1951","True"
"Movies","The Apartment 1960","Movies\The Apartment 1960","True"
"Movies","The Artist 2011","Movies\The Artist 2011","True"
"Movies","The Asphalt Jungle 1950","Movies\The Asphalt Jungle 1950","True"
"Movies","The Avengers 2012","Movies\The Avengers 2012","True"
"Movies","The Bad Sleep Well 1960","Movies\The Bad Sleep Well 1960","True"
"Movies","The Bandit 1996","Movies\The Bandit 1996","True"
"Movies","The Batman 2022","Movies\The Batman 2022","True"
"Movies","The Battle of Algiers 1966","Movies\The Battle of Algiers 1966","True"
"Movies","The Best of Youth 2003","Movies\The Best of Youth 2003","True"
"Movies","The Best Offer 2013","Movies\The Best Offer 2013","True"
"Movies","The Best Years of Our Lives 1946","Movies\The Best Years of Our Lives 1946","True"
"Movies","The Big Country 1958","Movies\The Big Country 1958","True"
"Movies","The Big Heat 1953","Movies\The Big Heat 1953","True"
"Movies","The Big Lebowski 1998","Movies\The Big Lebowski 1998","True"
"Movies","The Big Short 2015","Movies\The Big Short 2015","True"
"Movies","The Big Sleep 1946","Movies\The Big Sleep 1946","True"
"Movies","The Birds 1963","Movies\The Birds 1963","True"
"Movies","The Blind Side 2009","Movies\The Blind Side 2009","True"
"Movies","The Blue Elephant 2 2019","Movies\The Blue Elephant 2 2019","True"
"Movies","The Blue Elephant 2014","Movies\The Blue Elephant 2014","True"
"Movies","The Blues Brothers 1980","Movies\The Blues Brothers 1980","True"
"Movies","The Book of Sun 2020","Movies\The Book of Sun 2020","True"
"Movies","The Boondock Saints 1999","Movies\The Boondock Saints 1999","True"
"Movies","The Bourne Identity 2002","Movies\The Bourne Identity 2002","True"
"Movies","The Bourne Supremacy 2004","Movies\The Bourne Supremacy 2004","True"
"Movies","The Bourne Ultimatum 2007","Movies\The Bourne Ultimatum 2007","True"
"Movies","The Boy in the Striped Pyjamas 2008","Movies\The Boy in the Striped Pyjamas 2008","True"
"Movies","The Breakfast Club 1985","Movies\The Breakfast Club 1985","True"
"Movies","The Bride of Frankenstein 1935","Movies\The Bride of Frankenstein 1935","True"
"Movies","The Bridge on the River Kwai 1957","Movies\The Bridge on the River Kwai 1957","True"
"Movies","The Bridges of Madison County 1995","Movies\The Bridges of Madison County 1995","True"
"Movies","The Broken Circle Breakdown 2012","Movies\The Broken Circle Breakdown 2012","True"
"Movies","The Butterfly Effect 2004","Movies\The Butterfly Effect 2004","True"
"Movies","The Cabinet of Dr. Caligari 1920","Movies\The Cabinet of Dr. Caligari 1920","True"
"Movies","The Cameraman 1928","Movies\The Cameraman 1928","True"
"Movies","The Celebration 1998","Movies\The Celebration 1998","True"
"Movies","The Chaos Class 1975","Movies\The Chaos Class 1975","True"
"Movies","The Chaos Class Failed the Class 1975","Movies\The Chaos Class Failed the Class 1975","True"
"Movies","The Chaos Class Is on Vacation 1977","Movies\The Chaos Class Is on Vacation 1977","True"
"Movies","The Chaos Class Is Waking Up 1977","Movies\The Chaos Class Is Waking Up 1977","True"
"Movies","The Chaser 2008","Movies\The Chaser 2008","True"
"Movies","The Chorus 2004","Movies\The Chorus 2004","True"
"Movies","The Circus 1928","Movies\The Circus 1928","True"
"Movies","The Class 2007","Movies\The Class 2007","True"
"Movies","The Color of Paradise 1999","Movies\The Color of Paradise 1999","True"
"Movies","The Color Purple 1985","Movies\The Color Purple 1985","True"
"Movies","The Conformist 1970","Movies\The Conformist 1970","True"
"Movies","The Conversation 1974","Movies\The Conversation 1974","True"
"Movies","The Count of Monte Cristo 2002","Movies\The Count of Monte Cristo 2002","True"
"Movies","The Cranes Are Flying 1957","Movies\The Cranes Are Flying 1957","True"
"Movies","The Cremator 1969","Movies\The Cremator 1969","True"
"Movies","The Curious Case of Benjamin Button 2008","Movies\The Curious Case of Benjamin Button 2008","True"
"Movies","The Dark Knight 2008","Movies\The Dark Knight 2008","True"
"Movies","The Dark Knight Rises 2012","Movies\The Dark Knight Rises 2012","True"
"Movies","The Day of the Jackal 1973","Movies\The Day of the Jackal 1973","True"
"Movies","The Day the Earth Stood Still 1951","Movies\The Day the Earth Stood Still 1951","True"
"Movies","The Deer Hunter 1978","Movies\The Deer Hunter 1978","True"
"Movies","The Departed 2006","Movies\The Departed 2006","True"
"Movies","The Devils 1971","Movies\The Devils 1971","True"
"Movies","The Diamond Arm 1969","Movies\The Diamond Arm 1969","True"
"Movies","The Dirty Dozen 1967","Movies\The Dirty Dozen 1967","True"
"Movies","The Discreet Charm of the Bourgeoisie 1972","Movies\The Discreet Charm of the Bourgeoisie 1972","True"
"Movies","The Diving Bell and the Butterfly 2007","Movies\The Diving Bell and the Butterfly 2007","True"
"Movies","The Earrings of Madame De... 1953","Movies\The Earrings of Madame De... 1953","True"
"Movies","The Elephant Man 1980","Movies\The Elephant Man 1980","True"
"Movies","The Exorcist 1973","Movies\The Exorcist 1973","True"
"Movies","The Exterminating Angel 1962","Movies\The Exterminating Angel 1962","True"
"Movies","The Fall 2006","Movies\The Fall 2006","True"
"Movies","The Father 2020","Movies\The Father 2020","True"
"Movies","The Fault in Our Stars 2014","Movies\The Fault in Our Stars 2014","True"
"Movies","The Fifth Element 1997","Movies\The Fifth Element 1997","True"
"Movies","The Fighter 2010","Movies\The Fighter 2010","True"
"Movies","The Fire Within 1963","Movies\The Fire Within 1963","True"
"Movies","The Florida Project 2017","Movies\The Florida Project 2017","True"
"Movies","The Fool 2014","Movies\The Fool 2014","True"
"Movies","The French Connection 1971","Movies\The French Connection 1971","True"
"Movies","The Fugitive 1993","Movies\The Fugitive 1993","True"
"Movies","The Game 1997","Movies\The Game 1997","True"
"Movies","The General 1926","Movies\The General 1926","True"
"Movies","The Gentlemen 2019","Movies\The Gentlemen 2019","True"
"Movies","The Girl with the Dragon Tattoo 2009","Movies\The Girl with the Dragon Tattoo 2009","True"
"Movies","The Girl with the Dragon Tattoo 2011","Movies\The Girl with the Dragon Tattoo 2011","True"
"Movies","The Godfather 1972","Movies\The Godfather 1972","True"
"Movies","The Godfather_ Part II 1974","Movies\The Godfather_ Part II 1974","True"
"Movies","The Godfather_ Part III 1990","Movies\The Godfather_ Part III 1990","True"
"Movies","The Gold Rush 1925","Movies\The Gold Rush 1925","True"
"Movies","The Good, the Bad and the Ugly 1966","Movies\The Good, the Bad and the Ugly 1966","True"
"Movies","The Goonies 1985","Movies\The Goonies 1985","True"
"Movies","The Graduate 1967","Movies\The Graduate 1967","True"
"Movies","The Grand Budapest Hotel 2014","Movies\The Grand Budapest Hotel 2014","True"
"Movies","The Grand Illusion 1937","Movies\The Grand Illusion 1937","True"
"Movies","The Grapes of Wrath 1940","Movies\The Grapes of Wrath 1940","True"
"Movies","The Great Dictator 1940","Movies\The Great Dictator 1940","True"
"Movies","The Great Escape 1963","Movies\The Great Escape 1963","True"
"Movies","The Green Mile 1999","Movies\The Green Mile 1999","True"
"Movies","The Handmaiden 2016","Movies\The Handmaiden 2016","True"
"Movies","The Hangover 2009","Movies\The Hangover 2009","True"
"Movies","The Hateful Eight 2015","Movies\The Hateful Eight 2015","True"
"Movies","The Heiress 1949","Movies\The Heiress 1949","True"
"Movies","The Help 2011","Movies\The Help 2011","True"
"Movies","The Hidden Fortress 1958","Movies\The Hidden Fortress 1958","True"
"Movies","The Hill 1965","Movies\The Hill 1965","True"
"Movies","The Hobbit_ An Unexpected Journey 2012","Movies\The Hobbit_ An Unexpected Journey 2012","True"
"Movies","The Hobbit_ The Desolation of Smaug 2013","Movies\The Hobbit_ The Desolation of Smaug 2013","True"
"Movies","The Holy Mountain 1973","Movies\The Holy Mountain 1973","True"
"Movies","The Hunchback of Notre Dame 1939","Movies\The Hunchback of Notre Dame 1939","True"
"Movies","The Hunt 2012","Movies\The Hunt 2012","True"
"Movies","The Hurricane 1999","Movies\The Hurricane 1999","True"
"Movies","The Hustler 1961","Movies\The Hustler 1961","True"
"Movies","The Illusionist 2006","Movies\The Illusionist 2006","True"
"Movies","The Imitation Game 2014","Movies\The Imitation Game 2014","True"
"Movies","The Incredibles 2004","Movies\The Incredibles 2004","True"
"Movies","The Innocents 1961","Movies\The Innocents 1961","True"
"Movies","The Insider 1999","Movies\The Insider 1999","True"
"Movies","The Intouchables 2011","Movies\The Intouchables 2011","True"
"Movies","The Invisible Guest 2016","Movies\The Invisible Guest 2016","True"
"Movies","The Invisible Man 1933","Movies\The Invisible Man 1933","True"
"Movies","The Irishman 2019","Movies\The Irishman 2019","True"
"Movies","The Iron Giant 1999","Movies\The Iron Giant 1999","True"
"Movies","The Jungle Book 1967","Movies\The Jungle Book 1967","True"
"Movies","The Kashmir Files 2022","Movies\The Kashmir Files 2022","True"
"Movies","The Kid 1921","Movies\The Kid 1921","True"
"Movies","The Killing 1956","Movies\The Killing 1956","True"
"Movies","The Killing Fields 1984","Movies\The Killing Fields 1984","True"
"Movies","The King of Comedy 1982","Movies\The King of Comedy 1982","True"
"Movies","The King's Speech 2010","Movies\The King's Speech 2010","True"
"Movies","The Lady Vanishes 1938","Movies\The Lady Vanishes 1938","True"
"Movies","The Ladykillers 1955","Movies\The Ladykillers 1955","True"
"Movies","The Last Emperor 1987","Movies\The Last Emperor 1987","True"
"Movies","The Last King of Scotland 2006","Movies\The Last King of Scotland 2006","True"
"Movies","The Last Laugh 1924","Movies\The Last Laugh 1924","True"
"Movies","The Last of the Mohicans 1992","Movies\The Last of the Mohicans 1992","True"
"Movies","The Last Picture Show 1971","Movies\The Last Picture Show 1971","True"
"Movies","The Last Samurai 2003","Movies\The Last Samurai 2003","True"
"Movies","The Legend of 1900 1998","Movies\The Legend of 1900 1998","True"
"Movies","The Legend of Bhagat Singh 2002","Movies\The Legend of Bhagat Singh 2002","True"
"Movies","The Legend of Maula Jatt 2022","Movies\The Legend of Maula Jatt 2022","True"
"Movies","The Lego Movie 2014","Movies\The Lego Movie 2014","True"
"Movies","The Leopard 1963","Movies\The Leopard 1963","True"
"Movies","The Life and Death of Colonel Blimp 1943","Movies\The Life and Death of Colonel Blimp 1943","True"
"Movies","The Lion in Winter 1968","Movies\The Lion in Winter 1968","True"
"Movies","The Lion King 1994","Movies\The Lion King 1994","True"
"Movies","The Little Foxes 1941","Movies\The Little Foxes 1941","True"
"Movies","The Little Mermaid 1989","Movies\The Little Mermaid 1989","True"
"Movies","The Lives of Others 2006","Movies\The Lives of Others 2006","True"
"Movies","The Lizard 2004","Movies\The Lizard 2004","True"
"Movies","The Long Goodbye 1973","Movies\The Long Goodbye 1973","True"
"Movies","The Longest Day 1962","Movies\The Longest Day 1962","True"
"Movies","The Lord of the Rings_ The Fellowship of the Ring 2001","Movies\The Lord of the Rings_ The Fellowship of the Ring 2001","True"
"Movies","The Lord of the Rings_ The Return of the King 2003","Movies\The Lord of the Rings_ The Return of the King 2003","True"
"Movies","The Lord of the Rings_ The Two Towers 2002","Movies\The Lord of the Rings_ The Two Towers 2002","True"
"Movies","The Lost Weekend 1945","Movies\The Lost Weekend 1945","True"
"Movies","The Lunchbox 2013","Movies\The Lunchbox 2013","True"
"Movies","The Machinist 2004","Movies\The Machinist 2004","True"
"Movies","The Magdalene Sisters 2002","Movies\The Magdalene Sisters 2002","True"
"Movies","The Magnificent Seven 1960","Movies\The Magnificent Seven 1960","True"
"Movies","The Maltese Falcon 1941","Movies\The Maltese Falcon 1941","True"
"Movies","The Man from Earth 2007","Movies\The Man from Earth 2007","True"
"Movies","The Man Who Shot Liberty Valance 1962","Movies\The Man Who Shot Liberty Valance 1962","True"
"Movies","The Man Who Would Be King 1975","Movies\The Man Who Would Be King 1975","True"
"Movies","The Manchurian Candidate 1962","Movies\The Manchurian Candidate 1962","True"
"Movies","The Martian 2015","Movies\The Martian 2015","True"
"Movies","The Matrix 1999","Movies\The Matrix 1999","True"
"Movies","The Message 1976","Movies\The Message 1976","True"
"Movies","The Miracle Worker 1962","Movies\The Miracle Worker 1962","True"
"Movies","The Mountain II 2016","Movies\The Mountain II 2016","True"
"Movies","The Muppet Christmas Carol 1992","Movies\The Muppet Christmas Carol 1992","True"
"Movies","The Muppet Movie 1979","Movies\The Muppet Movie 1979","True"
"Movies","The Music Man 1962","Movies\The Music Man 1962","True"
"Movies","The Naked Gun_ From the Files of Police Squad! 1988","Movies\The Naked Gun_ From the Files of Police Squad! 1988","True"
"Movies","The Night of the Hunter 1955","Movies\The Night of the Hunter 1955","True"
"Movies","The Nightmare Before Christmas 1993","Movies\The Nightmare Before Christmas 1993","True"
"Movies","The Notebook 2004","Movies\The Notebook 2004","True"
"Movies","The Odd Couple 1968","Movies\The Odd Couple 1968","True"
"Movies","The Other Me 2016","Movies\The Other Me 2016","True"
"Movies","The Others 2001","Movies\The Others 2001","True"
"Movies","The Outlaw Josey Wales 1976","Movies\The Outlaw Josey Wales 1976","True"
"Movies","The Ox-Bow Incident 1943","Movies\The Ox-Bow Incident 1943","True"
"Movies","The Passion of Joan of Arc 1928","Movies\The Passion of Joan of Arc 1928","True"
"Movies","The Peanut Butter Falcon 2019","Movies\The Peanut Butter Falcon 2019","True"
"Movies","The Perks of Being a Wallflower 2012","Movies\The Perks of Being a Wallflower 2012","True"
"Movies","The Phantom Carriage 1921","Movies\The Phantom Carriage 1921","True"
"Movies","The Philadelphia Story 1940","Movies\The Philadelphia Story 1940","True"
"Movies","The Pianist 2002","Movies\The Pianist 2002","True"
"Movies","The Pinchcliffe Grand Prix 1975","Movies\The Pinchcliffe Grand Prix 1975","True"
"Movies","The Postman 1994","Movies\The Postman 1994","True"
"Movies","The Prestige 2006","Movies\The Prestige 2006","True"
"Movies","The Princess Bride 1987","Movies\The Princess Bride 1987","True"
"Movies","The Purple Rose of Cairo 1985","Movies\The Purple Rose of Cairo 1985","True"
"Movies","The Pursuit of Happyness 2006","Movies\The Pursuit of Happyness 2006","True"
"Movies","The Quiet Man 1952","Movies\The Quiet Man 1952","True"
"Movies","The Raid 2 2014","Movies\The Raid 2 2014","True"
"Movies","The Red Circle 1970","Movies\The Red Circle 1970","True"
"Movies","The Red Shoes 1948","Movies\The Red Shoes 1948","True"
"Movies","The Remains of the Day 1993","Movies\The Remains of the Day 1993","True"
"Movies","The Return 2003","Movies\The Return 2003","True"
"Movies","The Revenant 2015","Movies\The Revenant 2015","True"
"Movies","The Right Stuff 1983","Movies\The Right Stuff 1983","True"
"Movies","The Roaring Twenties 1939","Movies\The Roaring Twenties 1939","True"
"Movies","The Royal Tenenbaums 2001","Movies\The Royal Tenenbaums 2001","True"
"Movies","The Rules of the Game 1939","Movies\The Rules of the Game 1939","True"
"Movies","The Sacrifice 1986","Movies\The Sacrifice 1986","True"
"Movies","The Sandlot 1993","Movies\The Sandlot 1993","True"
"Movies","The Sea Inside 2004","Movies\The Sea Inside 2004","True"
"Movies","The Searchers 1956","Movies\The Searchers 1956","True"
"Movies","The Secret in Their Eyes 2009","Movies\The Secret in Their Eyes 2009","True"
"Movies","The Secret of Kells 2009","Movies\The Secret of Kells 2009","True"
"Movies","The Servant 1963","Movies\The Servant 1963","True"
"Movies","The Seventh Seal 1957","Movies\The Seventh Seal 1957","True"
"Movies","The Shawshank Redemption 1994","Movies\The Shawshank Redemption 1994","True"
"Movies","The Shining 1980","Movies\The Shining 1980","True"
"Movies","The Shop Around the Corner 1940","Movies\The Shop Around the Corner 1940","True"
"Movies","The Silence 1963","Movies\The Silence 1963","True"
"Movies","The Silence of the Lambs 1991","Movies\The Silence of the Lambs 1991","True"
"Movies","The Sixth Sense 1999","Movies\The Sixth Sense 1999","True"
"Movies","The Social Network 2010","Movies\The Social Network 2010","True"
"Movies","The Song of Sparrows 2008","Movies\The Song of Sparrows 2008","True"
"Movies","The Sound of Music 1965","Movies\The Sound of Music 1965","True"
"Movies","The Spirit of the Beehive 1973","Movies\The Spirit of the Beehive 1973","True"
"Movies","The Station Agent 2003","Movies\The Station Agent 2003","True"
"Movies","The Sting 1973","Movies\The Sting 1973","True"
"Movies","The Stoning of Soraya M. 2008","Movies\The Stoning of Soraya M. 2008","True"
"Movies","The Straight Story 1999","Movies\The Straight Story 1999","True"
"Movies","The Sword of Doom 1966","Movies\The Sword of Doom 1966","True"
"Movies","The Taking of Pelham One Two Three 1974","Movies\The Taking of Pelham One Two Three 1974","True"
"Movies","The Tale of The Princess Kaguya 2013","Movies\The Tale of The Princess Kaguya 2013","True"
"Movies","The Tashkent Files 2019","Movies\The Tashkent Files 2019","True"
"Movies","The Ten Commandments 1956","Movies\The Ten Commandments 1956","True"
"Movies","The Terminator 1984","Movies\The Terminator 1984","True"
"Movies","The Testament of Dr. Mabuse 1933","Movies\The Testament of Dr. Mabuse 1933","True"
"Movies","The Theory of Everything 2014","Movies\The Theory of Everything 2014","True"
"Movies","The Thin Man 1934","Movies\The Thin Man 1934","True"
"Movies","The Thin Red Line 1998","Movies\The Thin Red Line 1998","True"
"Movies","The Thing 1982","Movies\The Thing 1982","True"
"Movies","The Third Man 1949","Movies\The Third Man 1949","True"
"Movies","The Train 1964","Movies\The Train 1964","True"
"Movies","The Trap 2007","Movies\The Trap 2007","True"
"Movies","The Treasure of the Sierra Madre 1948","Movies\The Treasure of the Sierra Madre 1948","True"
"Movies","The Trial of the Chicago 7 2020","Movies\The Trial of the Chicago 7 2020","True"
"Movies","The Truman Show 1998","Movies\The Truman Show 1998","True"
"Movies","The Twilight Samurai 2002","Movies\The Twilight Samurai 2002","True"
"Movies","The Umbrellas of Cherbourg 1964","Movies\The Umbrellas of Cherbourg 1964","True"
"Movies","The Untouchables 1987","Movies\The Untouchables 1987","True"
"Movies","The Usual Suspects 1995","Movies\The Usual Suspects 1995","True"
"Movies","The Vaccine War 2023","Movies\The Vaccine War 2023","True"
"Movies","The Verdict 1982","Movies\The Verdict 1982","True"
"Movies","The Virgin Spring 1960","Movies\The Virgin Spring 1960","True"
"Movies","The Visitor 2007","Movies\The Visitor 2007","True"
"Movies","The Wages of Fear 1953","Movies\The Wages of Fear 1953","True"
"Movies","The Warriors 1979","Movies\The Warriors 1979","True"
"Movies","The Way He Looks 2014","Movies\The Way He Looks 2014","True"
"Movies","The White Ribbon 2009","Movies\The White Ribbon 2009","True"
"Movies","The Wild Bunch 1969","Movies\The Wild Bunch 1969","True"
"Movies","The Wild Pear Tree 2018","Movies\The Wild Pear Tree 2018","True"
"Movies","The Wizard of Oz 1939","Movies\The Wizard of Oz 1939","True"
"Movies","The Wolf of Wall Street 2013","Movies\The Wolf of Wall Street 2013","True"
"Movies","The World of Apu 1959","Movies\The World of Apu 1959","True"
"Movies","The World's Fastest Indian 2005","Movies\The World's Fastest Indian 2005","True"
"Movies","The Worst Person in the World 2021","Movies\The Worst Person in the World 2021","True"
"Movies","The Wounds 1998","Movies\The Wounds 1998","True"
"Movies","The Wrestler 2008","Movies\The Wrestler 2008","True"
"Movies","The Young and the Damned 1950","Movies\The Young and the Damned 1950","True"
"Movies","Theeran Adhigaram Ondru 2017","Movies\Theeran Adhigaram Ondru 2017","True"
"Movies","There Will Be Blood 2007","Movies\There Will Be Blood 2007","True"
"Movies","They Shoot Horses, Don't They_ 1969","Movies\They Shoot Horses, Don't They_ 1969","True"
"Movies","Thirteen Lives 2022","Movies\Thirteen Lives 2022","True"
"Movies","Thiruchitrambalam 2022","Movies\Thiruchitrambalam 2022","True"
"Movies","This Is England 2006","Movies\This Is England 2006","True"
"Movies","This Is Spinal Tap 1984","Movies\This Is Spinal Tap 1984","True"
"Movies","Thor_ Ragnarok 2017","Movies\Thor_ Ragnarok 2017","True"
"Movies","Three Billboards Outside Ebbing, Missouri 2017","Movies\Three Billboards Outside Ebbing, Missouri 2017","True"
"Movies","Three Colors_ Blue 1993","Movies\Three Colors_ Blue 1993","True"
"Movies","Three Colors_ Red 1994","Movies\Three Colors_ Red 1994","True"
"Movies","Throne of Blood 1957","Movies\Throne of Blood 1957","True"
"Movies","Through a Glass Darkly 1961","Movies\Through a Glass Darkly 1961","True"
"Movies","Thuppakki 2012","Movies\Thuppakki 2012","True"
"Movies","Time of the Gypsies 1988","Movies\Time of the Gypsies 1988","True"
"Movies","Titanic 1997","Movies\Titanic 1997","True"
"Movies","To Be or Not to Be 1942","Movies\To Be or Not to Be 1942","True"
"Movies","To Have and Have Not 1944","Movies\To Have and Have Not 1944","True"
"Movies","To Kill a Mockingbird 1962","Movies\To Kill a Mockingbird 1962","True"
"Movies","To Live 1994","Movies\To Live 1994","True"
"Movies","Todo sobre mi madre 1999","Movies\Todo sobre mi madre 1999","True"
"Movies","Togo 2019","Movies\Togo 2019","True"
"Movies","Toki o kakeru shôjo 2006","Movies\Toki o kakeru shôjo 2006","True"
"Movies","Tôkyô goddofâzâzu 2003","Movies\Tôkyô goddofâzâzu 2003","True"
"Movies","Tôkyô monogatari 1953","Movies\Tôkyô monogatari 1953","True"
"Movies","Tokyo Story 1953","Movies\Tokyo Story 1953","True"
"Movies","Toma 2021","Movies\Toma 2021","True"
"Movies","Tombstone 1993","Movies\Tombstone 1993","True"
"Movies","Tonari no Totoro 1988","Movies\Tonari no Totoro 1988","True"
"Movies","Top Gun_ Maverick 2022","Movies\Top Gun_ Maverick 2022","True"
"Movies","Tosun Pasa 1976","Movies\Tosun Pasa 1976","True"
"Movies","Touch of Evil 1958","Movies\Touch of Evil 1958","True"
"Movies","Toy Story 1995","Movies\Toy Story 1995","True"
"Movies","Toy Story 2 1999","Movies\Toy Story 2 1999","True"
"Movies","Toy Story 3 2010","Movies\Toy Story 3 2010","True"
"Movies","Toy Story 4 2019","Movies\Toy Story 4 2019","True"
"Movies","Training Day 2001","Movies\Training Day 2001","True"
"Movies","Trainspotting 1996","Movies\Trainspotting 1996","True"
"Movies","Trois couleurs_ Blanc 1994","Movies\Trois couleurs_ Blanc 1994","True"
"Movies","Trois couleurs_ Bleu 1993","Movies\Trois couleurs_ Bleu 1993","True"
"Movies","Trois couleurs_ Rouge 1994","Movies\Trois couleurs_ Rouge 1994","True"
"Movies","Tropa de Elite 2_ O Inimigo Agora é Outro 2010","Movies\Tropa de Elite 2_ O Inimigo Agora é Outro 2010","True"
"Movies","Tropa de Elite 2007","Movies\Tropa de Elite 2007","True"
"Movies","Trouble in Paradise 1932","Movies\Trouble in Paradise 1932","True"
"Movies","True Grit 2010","Movies\True Grit 2010","True"
"Movies","True Romance 1993","Movies\True Romance 1993","True"
"Movies","Tumbbad 2018","Movies\Tumbbad 2018","True"
"Movies","Turtles Can Fly 2004","Movies\Turtles Can Fly 2004","True"
"Movies","Twelve Monkeys 1995","Movies\Twelve Monkeys 1995","True"
"Movies","Taare Zameen Par 2007","Movies\Taare Zameen Par 2007","True"
"Movies","Udta Punjab 2016","Movies\Udta Punjab 2016","True"
"Movies","Udaan 2010","Movies\Udaan 2010","True"
"Movies","Ugetsu 1953","Movies\Ugetsu 1953","True"
"Movies","Ugly 2013","Movies\Ugly 2013","True"
"Movies","Umberto D. 1952","Movies\Umberto D. 1952","True"
"Movies","Un long dimanche de fiançailles 2004","Movies\Un long dimanche de fiançailles 2004","True"
"Movies","Un prophète 2009","Movies\Un prophète 2009","True"
"Movies","Under sandet 2015","Movies\Under sandet 2015","True"
"Movies","Underground 1995","Movies\Underground 1995","True"
"Movies","Unforgiven 1992","Movies\Unforgiven 1992","True"
"Movies","Up 2009","Movies\Up 2009","True"
"Movies","Uri_ The Surgical Strike 2019","Movies\Uri_ The Surgical Strike 2019","True"
"Movies","Ustad Hotel 2012","Movies\Ustad Hotel 2012","True"
"Movies","V for Vendetta 2005","Movies\V for Vendetta 2005","True"
"Movies","Vada Chennai 2018","Movies\Vada Chennai 2018","True"
"Movies","Vampire Hunter D_ Bloodlust 2000","Movies\Vampire Hunter D_ Bloodlust 2000","True"
"Movies","Veer-Zaara 2004","Movies\Veer-Zaara 2004","True"
"Movies","Vertigo 1958","Movies\Vertigo 1958","True"
"Movies","Vicky Donor 2012","Movies\Vicky Donor 2012","True"
"Movies","Victoria 2015","Movies\Victoria 2015","True"
"Movies","Vikram 2022","Movies\Vikram 2022","True"
"Movies","Vikram Vedha 2017","Movies\Vikram Vedha 2017","True"
"Movies","Viridiana 1961","Movies\Viridiana 1961","True"
"Movies","Vishwaroopam 2013","Movies\Vishwaroopam 2013","True"
"Movies","Viskningar och rop 1972","Movies\Viskningar och rop 1972","True"
"Movies","Visaaranai 2015","Movies\Visaaranai 2015","True"
"Movies","Vivre Sa Vie 1962","Movies\Vivre Sa Vie 1962","True"
"Movies","Vivre sa vie_ Film en douze tableaux 1962","Movies\Vivre sa vie_ Film en douze tableaux 1962","True"
"Movies","Vizontele 2001","Movies\Vizontele 2001","True"
"Movies","Vozvrashchenie 2003","Movies\Vozvrashchenie 2003","True"
"Movies","Vaaranam Aayiram 2008","Movies\Vaaranam Aayiram 2008","True"
"Movies","Vaastav_ The Reality 1999","Movies\Vaastav_ The Reality 1999","True"
"Movies","Wait Until Dark 1967","Movies\Wait Until Dark 1967","True"
"Movies","Waking Life 2001","Movies\Waking Life 2001","True"
"Movies","Walk the Line 2005","Movies\Walk the Line 2005","True"
"Movies","WALL·E 2008","Movies\WALL·E 2008","True"
"Movies","Warrior 2011","Movies\Warrior 2011","True"
"Movies","Watchmen 2009","Movies\Watchmen 2009","True"
"Movies","Watership Down 1978","Movies\Watership Down 1978","True"
"Movies","Werckmeister Harmonies 2000","Movies\Werckmeister Harmonies 2000","True"
"Movies","What Ever Happened to Baby Jane_ 1962","Movies\What Ever Happened to Baby Jane_ 1962","True"
"Movies","What We Do in the Shadows 2014","Movies\What We Do in the Shadows 2014","True"
"Movies","What's Eating Gilbert Grape 1993","Movies\What's Eating Gilbert Grape 1993","True"
"Movies","When Harry Met Sally... 1989","Movies\When Harry Met Sally... 1989","True"
"Movies","When I Grow Up, I'll Be a Kangaroo 2004","Movies\When I Grow Up, I'll Be a Kangaroo 2004","True"
"Movies","Where Eagles Dare 1968","Movies\Where Eagles Dare 1968","True"
"Movies","Where Is the Friend's House_ 1987","Movies\Where Is the Friend's House_ 1987","True"
"Movies","Whiplash 2014","Movies\Whiplash 2014","True"
"Movies","Whisper of the Heart 1995","Movies\Whisper of the Heart 1995","True"
"Movies","White Heat 1949","Movies\White Heat 1949","True"
"Movies","Who Framed Roger Rabbit 1988","Movies\Who Framed Roger Rabbit 1988","True"
"Movies","Who Killed Captain Alex_ 2015","Movies\Who Killed Captain Alex_ 2015","True"
"Movies","Who's Afraid of Virginia Woolf_ 1966","Movies\Who's Afraid of Virginia Woolf_ 1966","True"
"Movies","Who's Singin' Over There_ 1980","Movies\Who's Singin' Over There_ 1980","True"
"Movies","Wild Strawberries 1957","Movies\Wild Strawberries 1957","True"
"Movies","Wild Tales 2014","Movies\Wild Tales 2014","True"
"Movies","Willy Wonka & the Chocolate Factory 1971","Movies\Willy Wonka & the Chocolate Factory 1971","True"
"Movies","Wind River 2017","Movies\Wind River 2017","True"
"Movies","Wings of Desire 1987","Movies\Wings of Desire 1987","True"
"Movies","Winter Light 1963","Movies\Winter Light 1963","True"
"Movies","Winter Sleep 2014","Movies\Winter Sleep 2014","True"
"Movies","Withnail & I 1987","Movies\Withnail & I 1987","True"
"Movies","Witness for the Prosecution 1957","Movies\Witness for the Prosecution 1957","True"
"Movies","Wo hu cang long 2000","Movies\Wo hu cang long 2000","True"
"Movies","Wolf Children 2012","Movies\Wolf Children 2012","True"
"Movies","Wolfwalkers 2020","Movies\Wolfwalkers 2020","True"
"Movies","Woman in the Dunes 1964","Movies\Woman in the Dunes 1964","True"
"Movies","Wonder 2017","Movies\Wonder 2017","True"
"Movies","Wreck-It Ralph 2012","Movies\Wreck-It Ralph 2012","True"
"Movies","X_ First Class 2011","Movies\X_ First Class 2011","True"
"Movies","X-Men_ Days of Future Past 2014","Movies\X-Men_ Days of Future Past 2014","True"
"Movies","Y tu mamá también 2001","Movies\Y tu mamá también 2001","True"
"Movies","Yeopgijeogin geunyeo 2001","Movies\Yeopgijeogin geunyeo 2001","True"
"Movies","Yi Yi_ A One and a Two... 2000","Movies\Yi Yi_ A One and a Two... 2000","True"
"Movies","Ying xiong 2002","Movies\Ying xiong 2002","True"
"Movies","Yip Man 2008","Movies\Yip Man 2008","True"
"Movies","Yojimbo 1961","Movies\Yojimbo 1961","True"
"Movies","Yôjinbô 1961","Movies\Yôjinbô 1961","True"
"Movies","Yol 1982","Movies\Yol 1982","True"
"Movies","You Can't Take It with You 1938","Movies\You Can't Take It with You 1938","True"
"Movies","Young Frankenstein 1974","Movies\Young Frankenstein 1974","True"
"Movies","Your Name. 2016","Movies\Your Name. 2016","True"
"Movies","Z 1969","Movies\Z 1969","True"
"Movies","Zack Snyder's Justice League 2021","Movies\Zack Snyder's Justice League 2021","True"
"Movies","Zelig 1983","Movies\Zelig 1983","True"
"Movies","Zerkalo 1975","Movies\Zerkalo 1975","True"
"Movies","Zindagi Na Milegi Dobara 2011","Movies\Zindagi Na Milegi Dobara 2011","True"
"Movies","Zodiac 2007","Movies\Zodiac 2007","True"
"Movies","Zombieland 2009","Movies\Zombieland 2009","True"
"Movies","Zootopia 2016","Movies\Zootopia 2016","True"
"Movies","Zulu 1964","Movies\Zulu 1964","True"
"Movies","Zwartboek 2006","Movies\Zwartboek 2006","True"
"Movies","Zübük 1980","Movies\Zübük 1980","True"
"Movies","Zügürt Aga 1985","Movies\Zügürt Aga 1985","True"
"Series","11.22.63","Series\11.22.63","True"
"Series","12 Monkeys","Series\12 Monkeys","True"
"Series","13 Reasons Why","Series\13 Reasons Why","True"
"Series","1883","Series\1883","True"
"Series","1899","Series\1899","True"
"Series","1923","Series\1923","True"
"Series","2 Broke Girls","Series\2 Broke Girls","True"
"Series","24","Series\24","True"
"Series","24_ Live Another Day","Series\24_ Live Another Day","True"
"Series","3 Body Problem","Series\3 Body Problem","True"
"Series","30 Rock","Series\30 Rock","True"
"Series","3rd Rock from the Sun","Series\3rd Rock from the Sun","True"
"Series","90210","Series\90210","True"
"Series","9-1-1","Series\9-1-1","True"
"Series","A Bit of Fry and Laurie","Series\A Bit of Fry and Laurie","True"
"Series","A Discovery of Witches","Series\A Discovery of Witches","True"
"Series","A Knight of the Seven Kingdoms","Series\A Knight of the Seven Kingdoms","True"
"Series","A Man on the Inside","Series\A Man on the Inside","True"
"Series","A Murder at the End of the World","Series\A Murder at the End of the World","True"
"Series","A Series of Unfortunate Events","Series\A Series of Unfortunate Events","True"
"Series","A Small Light","Series\A Small Light","True"
"Series","Abbott Elementary","Series\Abbott Elementary","True"
"Series","Abhay","Series\Abhay","True"
"Series","Absolutely Fabulous","Series\Absolutely Fabulous","True"
"Series","According to Jim","Series\According to Jim","True"
"Series","Adolescence","Series\Adolescence","True"
"Series","Africa","Series\Africa","True"
"Series","After Life","Series\After Life","True"
"Series","Agatha All Along","Series\Agatha All Along","True"
"Series","Agent Carter","Series\Agent Carter","True"
"Series","Agents of S.H.I.E.L.D","Series\Agents of S.H.I.E.L.D","True"
"Series","Ahsoka","Series\Ahsoka","True"
"Series","Alcatraz","Series\Alcatraz","True"
"Series","Alchemy of Souls","Series\Alchemy of Souls","True"
"Series","ALF","Series\ALF","True"
"Series","Alfred Hitchcock Presents","Series\Alfred Hitchcock Presents","True"
"Series","Alias","Series\Alias","True"
"Series","Alias Grace","Series\Alias Grace","True"
"Series","Alice in Borderland","Series\Alice in Borderland","True"
"Series","Alien_ Earth","Series\Alien_ Earth","True"
"Series","All Creatures Great & Small","Series\All Creatures Great & Small","True"
"Series","All Her Fault","Series\All Her Fault","True"
"Series","All in the Family","Series\All in the Family","True"
"Series","All of Us Are Dead","Series\All of Us Are Dead","True"
"Series","All the Light We Cannot See","Series\All the Light We Cannot See","True"
"Series","'Allo 'Allo!","Series\'Allo 'Allo!","True"
"Series","Ally McBeal","Series\Ally McBeal","True"
"Series","Almost Human","Series\Almost Human","True"
"Series","Altered Carbon","Series\Altered Carbon","True"
"Series","American Crime Story","Series\American Crime Story","True"
"Series","American Gods","Series\American Gods","True"
"Series","American Horror Story","Series\American Horror Story","True"
"Series","American Primeval","Series\American Primeval","True"
"Series","American Vandal","Series\American Vandal","True"
"Series","An Idiot Abroad","Series\An Idiot Abroad","True"
"Series","Anatomy of a Scandal","Series\Anatomy of a Scandal","True"
"Series","And Just Like That","Series\And Just Like That","True"
"Series","And Then There Were None","Series\And Then There Were None","True"
"Series","Andor","Series\Andor","True"
"Series","Angel","Series\Angel","True"
"Series","Angels in America","Series\Angels in America","True"
"Series","Anger Management","Series\Anger Management","True"
"Series","Animal Kingdom","Series\Animal Kingdom","True"
"Series","Anne of Avonlea","Series\Anne of Avonlea","True"
"Series","Anne of Green Gables","Series\Anne of Green Gables","True"
"Series","Anne with an E","Series\Anne with an E","True"
"Series","Another Life","Series\Another Life","True"
"Series","Another Love","Series\Another Love","True"
"Series","Apharan","Series\Apharan","True"
"Series","Apocalypse_ The Second World War","Series\Apocalypse_ The Second World War","True"
"Series","Archive 81","Series\Archive 81","True"
"Series","Are You Afraid of the Dark_","Series\Are You Afraid of the Dark_","True"
"Series","Arnold","Series\Arnold","True"
"Series","Arrested Development","Series\Arrested Development","True"
"Series","Arrow","Series\Arrow","True"
"Series","As If","Series\As If","True"
"Series","Ash vs Evil Dead","Series\Ash vs Evil Dead","True"
"Series","Ashes to Ashes","Series\Ashes to Ashes","True"
"Series","Aspirants","Series\Aspirants","True"
"Series","Asur_ Welcome to Your Dark Side","Series\Asur_ Welcome to Your Dark Side","True"
"Series","Atlanta","Series\Atlanta","True"
"Series","Atypical","Series\Atypical","True"
"Series","Avrupa Yakasi","Series\Avrupa Yakasi","True"
"Series","Awkward","Series\Awkward","True"
"Series","Azize","Series\Azize","True"
"Series","Baby Reindeer","Series\Baby Reindeer","True"
"Series","Babylon 5","Series\Babylon 5","True"
"Series","Babylon Berlin","Series\Babylon Berlin","True"
"Series","Bad Sisters","Series\Bad Sisters","True"
"Series","Ballers","Series\Ballers","True"
"Series","Band of Brothers","Series\Band of Brothers","True"
"Series","Bandish Bandits","Series\Bandish Bandits","True"
"Series","Banshee","Series\Banshee","True"
"Series","Barareh Nights","Series\Barareh Nights","True"
"Series","Barbarians","Series\Barbarians","True"
"Series","Barry","Series\Barry","True"
"Series","Bates Motel","Series\Bates Motel","True"
"Series","Battlestar Galactica","Series\Battlestar Galactica","True"
"Series","Battlestar Galactica (2003)","Series\Battlestar Galactica (2003)","True"
"Series","Batwoman","Series\Batwoman","True"
"Series","Baywatch","Series\Baywatch","True"
"Series","BB Ki Vines","Series\BB Ki Vines","True"
"Series","Beauty and the Beast","Series\Beauty and the Beast","True"
"Series","Beckham","Series\Beckham","True"
"Series","Beef","Series\Beef","True"
"Series","Behind Her Eyes","Series\Behind Her Eyes","True"
"Series","Behzat Ç_ An Ankara Detective Story","Series\Behzat Ç_ An Ankara Detective Story","True"
"Series","Berlin and the Jewels of Paris","Series\Berlin and the Jewels of Paris","True"
"Series","Better Call Saul","Series\Better Call Saul","True"
"Series","Better Off Ted","Series\Better Off Ted","True"
"Series","Beverly Hills, 90210","Series\Beverly Hills, 90210","True"
"Series","Big Little Lies","Series\Big Little Lies","True"
"Series","Billions","Series\Billions","True"
"Series","Black Bird","Series\Black Bird","True"
"Series","Black Books","Series\Black Books","True"
"Series","Black Doves","Series\Black Doves","True"
"Series","Black Mirror","Series\Black Mirror","True"
"Series","Black Pearl","Series\Black Pearl","True"
"Series","Black Rabbit","Series\Black Rabbit","True"
"Series","Black Sails","Series\Black Sails","True"
"Series","Black Summer","Series\Black Summer","True"
"Series","Black Sun","Series\Black Sun","True"
"Series","Blackadder","Series\Blackadder","True"
"Series","Blackadder Goes Forth","Series\Blackadder Goes Forth","True"
"Series","Blackadder II","Series\Blackadder II","True"
"Series","Blackadder the Third","Series\Blackadder the Third","True"
"Series","Bleak House","Series\Bleak House","True"
"Series","Blindspot","Series\Blindspot","True"
"Series","Bloodhounds","Series\Bloodhounds","True"
"Series","Bloodline","Series\Bloodline","True"
"Series","Blue Bloods","Series\Blue Bloods","True"
"Series","Blue Lights","Series\Blue Lights","True"
"Series","Blue Mountain State","Series\Blue Mountain State","True"
"Series","Blue Planet II","Series\Blue Planet II","True"
"Series","Boardwalk Empire","Series\Boardwalk Empire","True"
"Series","Bodies","Series\Bodies","True"
"Series","Bodyguard","Series\Bodyguard","True"
"Series","Bones","Series\Bones","True"
"Series","Bored to Death","Series\Bored to Death","True"
"Series","Borgen","Series\Borgen","True"
"Series","Bosch","Series\Bosch","True"
"Series","Bosch_ Legacy","Series\Bosch_ Legacy","True"
"Series","Boss","Series\Boss","True"
"Series","Boston Legal","Series\Boston Legal","True"
"Series","Bottom","Series\Bottom","True"
"Series","Boy Meets World","Series\Boy Meets World","True"
"Series","BrainDead","Series\BrainDead","True"
"Series","Brass Eye","Series\Brass Eye","True"
"Series","Brassic","Series\Brassic","True"
"Series","Breaking Bad","Series\Breaking Bad","True"
"Series","Breathe","Series\Breathe","True"
"Series","Bridgerton","Series\Bridgerton","True"
"Series","Broad City","Series\Broad City","True"
"Series","Broadchurch","Series\Broadchurch","True"
"Series","Broken But Beautiful","Series\Broken But Beautiful","True"
"Series","Brooklyn Nine-Nine","Series\Brooklyn Nine-Nine","True"
"Series","Buffy the Vampire Slayer","Series\Buffy the Vampire Slayer","True"
"Series","Burn Notice","Series\Burn Notice","True"
"Series","Business Proposal","Series\Business Proposal","True"
"Series","C.B. Strike","Series\C.B. Strike","True"
"Series","Californication","Series\Californication","True"
"Series","Caliphate","Series\Caliphate","True"
"Series","Call My Agent!","Series\Call My Agent!","True"
"Series","Call the Midwife","Series\Call the Midwife","True"
"Series","Campus Diaries","Series\Campus Diaries","True"
"Series","Candy","Series\Candy","True"
"Series","Car Masters_ Rust to Riches","Series\Car Masters_ Rust to Riches","True"
"Series","Carnival Row","Series\Carnival Row","True"
"Series","Carnivàle","Series\Carnivàle","True"
"Series","Castle","Series\Castle","True"
"Series","Castle Rock","Series\Castle Rock","True"
"Series","Cat","Series\Cat","True"
"Series","Catastrophe","Series\Catastrophe","True"
"Series","Chamak","Series\Chamak","True"
"Series","Chappelle's Show","Series\Chappelle's Show","True"
"Series","Charmed","Series\Charmed","True"
"Series","Cheers","Series\Cheers","True"
"Series","Chef's Table","Series\Chef's Table","True"
"Series","Chernobyl","Series\Chernobyl","True"
"Series","Chicago Fire","Series\Chicago Fire","True"
"Series","Chicago Med","Series\Chicago Med","True"
"Series","Chicago P.D","Series\Chicago P.D","True"
"Series","Chilling Adventures of Sabrina","Series\Chilling Adventures of Sabrina","True"
"Series","Chuck","Series\Chuck","True"
"Series","Chucky","Series\Chucky","True"
"Series","Çilgin Dersane at the University","Series\Çilgin Dersane at the University","True"
"Series","Citadel","Series\Citadel","True"
"Series","Clarkson's Farm","Series\Clarkson's Farm","True"
"Series","Clickbait","Series\Clickbait","True"
"Series","Cobra Kai","Series\Cobra Kai","True"
"Series","Code Black","Series\Code Black","True"
"Series","Cold Case","Series\Cold Case","True"
"Series","Colin from Accounts","Series\Colin from Accounts","True"
"Series","College Romance","Series\College Romance","True"
"Series","Colony","Series\Colony","True"
"Series","Columbo","Series\Columbo","True"
"Series","Comedians in Cars Getting Coffee","Series\Comedians in Cars Getting Coffee","True"
"Series","Community","Series\Community","True"
"Series","Conan","Series\Conan","True"
"Series","Constantine","Series\Constantine","True"
"Series","Content Cop","Series\Content Cop","True"
"Series","Continuum","Series\Continuum","True"
"Series","Conversations with a Killer_ The Ted Bundy Tapes","Series\Conversations with a Killer_ The Ted Bundy Tapes","True"
"Series","Cosmos","Series\Cosmos","True"
"Series","Cosmos_ A Spacetime Odyssey","Series\Cosmos_ A Spacetime Odyssey","True"
"Series","Cougar Town","Series\Cougar Town","True"
"Series","Counterpart","Series\Counterpart","True"
"Series","Coupling","Series\Coupling","True"
"Series","Covert Affairs","Series\Covert Affairs","True"
"Series","Cranford","Series\Cranford","True"
"Series","Crash Landing on You","Series\Crash Landing on You","True"
"Series","Criminal Justice","Series\Criminal Justice","True"
"Series","Criminal Minds","Series\Criminal Minds","True"
"Series","Critical Role","Series\Critical Role","True"
"Series","Cross","Series\Cross","True"
"Series","CSI_ Crime Scene Investigation","Series\CSI_ Crime Scene Investigation","True"
"Series","CSI_ Miami","Series\CSI_ Miami","True"
"Series","CSI_ NY","Series\CSI_ NY","True"
"Series","Cunk on Earth","Series\Cunk on Earth","True"
"Series","Curb Your Enthusiasm","Series\Curb Your Enthusiasm","True"
"Series","Cursed","Series\Cursed","True"
"Series","Da Ali G Show","Series\Da Ali G Show","True"
"Series","Da Vinci's Demons","Series\Da Vinci's Demons","True"
"Series","Daisy Jones & The Six","Series\Daisy Jones & The Six","True"
"Series","Damages","Series\Damages","True"
"Series","Daredevil","Series\Daredevil","True"
"Series","Daredevil_ Born Again","Series\Daredevil_ Born Again","True"
"Series","Dark","Series\Dark","True"
"Series","Dark Angel","Series\Dark Angel","True"
"Series","Dark Matter","Series\Dark Matter","True"
"Series","Dark Winds","Series\Dark Winds","True"
"Series","Das Boot","Series\Das Boot","True"
"Series","Dave","Series\Dave","True"
"Series","Dawson's Creek","Series\Dawson's Creek","True"
"Series","Dead Like Me","Series\Dead Like Me","True"
"Series","Dead to Me","Series\Dead to Me","True"
"Series","Deadwood","Series\Deadwood","True"
"Series","Dear Child","Series\Dear Child","True"
"Series","Death in Paradise","Series\Death in Paradise","True"
"Series","Death's Game","Series\Death's Game","True"
"Series","Defending Jacob","Series\Defending Jacob","True"
"Series","Defiance","Series\Defiance","True"
"Series","Dekalog","Series\Dekalog","True"
"Series","Delhi Crime","Series\Delhi Crime","True"
"Series","Dept. Q","Series\Dept. Q","True"
"Series","Derek","Series\Derek","True"
"Series","Derry Girls","Series\Derry Girls","True"
"Series","Descendants of the Sun","Series\Descendants of the Sun","True"
"Series","Designated Survivor","Series\Designated Survivor","True"
"Series","Desperate Housewives","Series\Desperate Housewives","True"
"Series","Detectorists","Series\Detectorists","True"
"Series","Deutschland 83","Series\Deutschland 83","True"
"Series","Devs","Series\Devs","True"
"Series","Dexter","Series\Dexter","True"
"Series","Dexter_ New Blood","Series\Dexter_ New Blood","True"
"Series","Dexter_ Original Sin","Series\Dexter_ Original Sin","True"
"Series","Dexter_ Resurrection","Series\Dexter_ Resurrection","True"
"Series","Dharma & Greg","Series\Dharma & Greg","True"
"Series","Dhindora","Series\Dhindora","True"
"Series","Dirk Gently's Holistic Detective Agency","Series\Dirk Gently's Holistic Detective Agency","True"
"Series","Dirty Money","Series\Dirty Money","True"
"Series","Disclaimer","Series\Disclaimer","True"
"Series","Doc Martin","Series\Doc Martin","True"
"Series","Doctor Who","Series\Doctor Who","True"
"Series","Doctor Who (1963)","Series\Doctor Who (1963)","True"
"Series","Dollhouse","Series\Dollhouse","True"
"Series","Don't F__k with Cats_ Hunting an Internet Killer","Series\Don't F__k with Cats_ Hunting an Internet Killer","True"
"Series","Don't Trust the B---- in Apartment 23","Series\Don't Trust the B---- in Apartment 23","True"
"Series","Doom Patrol","Series\Doom Patrol","True"
"Series","Dopesick","Series\Dopesick","True"
"Series","Downton Abbey","Series\Downton Abbey","True"
"Series","Dr. Horrible's Sing-Along Blog","Series\Dr. Horrible's Sing-Along Blog","True"
"Series","Dracula","Series\Dracula","True"
"Series","Drake & Josh","Series\Drake & Josh","True"
"Series","Drops of God","Series\Drops of God","True"
"Series","Dune_ Prophecy","Series\Dune_ Prophecy","True"
"Series","Eastbound & Down","Series\Eastbound & Down","True"
"Series","Echo","Series\Echo","True"
"Series","Ekaki","Series\Ekaki","True"
"Series","El Chavo del Ocho","Series\El Chavo del Ocho","True"
"Series","Elementary","Series\Elementary","True"
"Series","Elite","Series\Elite","True"
"Series","Emily in Paris","Series\Emily in Paris","True"
"Series","Emma","Series\Emma","True"
"Series","Empire","Series\Empire","True"
"Series","Endeavour","Series\Endeavour","True"
"Series","Entourage","Series\Entourage","True"
"Series","Episodes","Series\Episodes","True"
"Series","ER","Series\ER","True"
"Series","Eric","Series\Eric","True"
"Series","Escape at Dannemora","Series\Escape at Dannemora","True"
"Series","Ethos","Series\Ethos","True"
"Series","Euphoria","Series\Euphoria","True"
"Series","Eureka","Series\Eureka","True"
"Series","Everybody Hates Chris","Series\Everybody Hates Chris","True"
"Series","Everybody Loves Raymond","Series\Everybody Loves Raymond","True"
"Series","Evil","Series\Evil","True"
"Series","Evil Genius_ The True Story of America's Most Diabolical Bank Heist","Series\Evil Genius_ The True Story of America's Most Diabolical Bank Heist","True"
"Series","Exit","Series\Exit","True"
"Series","Explained","Series\Explained","True"
"Series","Extraordinary Attorney Woo","Series\Extraordinary Attorney Woo","True"
"Series","Extras","Series\Extras","True"
"Series","Ezel","Series\Ezel","True"
"Series","Falling Skies","Series\Falling Skies","True"
"Series","Fallout","Series\Fallout","True"
"Series","Family Matters","Series\Family Matters","True"
"Series","Fargo","Series\Fargo","True"
"Series","Farscape","Series\Farscape","True"
"Series","Farscape_ The Peacekeeper Wars","Series\Farscape_ The Peacekeeper Wars","True"
"Series","Farzi","Series\Farzi","True"
"Series","Fate_ The Winx Saga","Series\Fate_ The Winx Saga","True"
"Series","Father Ted","Series\Father Ted","True"
"Series","Fauda","Series\Fauda","True"
"Series","Fawlty Towers","Series\Fawlty Towers","True"
"Series","Fear the Walking Dead","Series\Fear the Walking Dead","True"
"Series","Feels Like Home","Series\Feels Like Home","True"
"Series","Fellow Travelers","Series\Fellow Travelers","True"
"Series","Feud","Series\Feud","True"
"Series","Fight for My Way","Series\Fight for My Way","True"
"Series","Firefly","Series\Firefly","True"
"Series","Firefly Lane","Series\Firefly Lane","True"
"Series","First Kill","Series\First Kill","True"
"Series","Flames","Series\Flames","True"
"Series","Flashforward","Series\Flashforward","True"
"Series","Fleabag","Series\Fleabag","True"
"Series","Flight of the Conchords","Series\Flight of the Conchords","True"
"Series","Flower of Evil","Series\Flower of Evil","True"
"Series","Fool Me Once","Series\Fool Me Once","True"
"Series","For All Mankind","Series\For All Mankind","True"
"Series","For My Son","Series\For My Son","True"
"Series","Forever","Series\Forever","True"
"Series","Formula 1_ Drive to Survive","Series\Formula 1_ Drive to Survive","True"
"Series","Foundation","Series\Foundation","True"
"Series","Four More Shots Please","Series\Four More Shots Please","True"
"Series","Foyle's War","Series\Foyle's War","True"
"Series","Frasier","Series\Frasier","True"
"Series","Freaks and Geeks","Series\Freaks and Geeks","True"
"Series","Fresh Off the Boat","Series\Fresh Off the Boat","True"
"Series","Friday Night Dinner","Series\Friday Night Dinner","True"
"Series","Friday Night Lights","Series\Friday Night Lights","True"
"Series","Friends","Series\Friends","True"
"Series","Fringe","Series\Fringe","True"
"Series","From","Series\From","True"
"Series","From the Earth to the Moon","Series\From the Earth to the Moon","True"
"Series","Frozen Planet","Series\Frozen Planet","True"
"Series","FUBAR","Series\FUBAR","True"
"Series","Full House","Series\Full House","True"
"Series","Fuller House","Series\Fuller House","True"
"Series","Future Man","Series\Future Man","True"
"Series","Galavant","Series\Galavant","True"
"Series","Game of Thrones","Series\Game of Thrones","True"
"Series","Gangs of London","Series\Gangs of London","True"
"Series","Garth Marenghi's Darkplace","Series\Garth Marenghi's Darkplace","True"
"Series","Gavin & Stacey","Series\Gavin & Stacey","True"
"Series","Gen V","Series\Gen V","True"
"Series","Generation Kill","Series\Generation Kill","True"
"Series","Generation War","Series\Generation War","True"
"Series","Genius","Series\Genius","True"
"Series","Gentleman Jack","Series\Gentleman Jack","True"
"Series","Get Smart","Series\Get Smart","True"
"Series","Ghost Whisperer","Series\Ghost Whisperer","True"
"Series","Ghosts","Series\Ghosts","True"
"Series","Ghosts (2021)","Series\Ghosts (2021)","True"
"Series","Gilmore Girls","Series\Gilmore Girls","True"
"Series","Gilmore Girls_ A Year in the Life","Series\Gilmore Girls_ A Year in the Life","True"
"Series","Ginny & Georgia","Series\Ginny & Georgia","True"
"Series","Girls","Series\Girls","True"
"Series","Glee","Series\Glee","True"
"Series","GLOW","Series\GLOW","True"
"Series","Godfather of Harlem","Series\Godfather of Harlem","True"
"Series","Godless","Series\Godless","True"
"Series","Goliath","Series\Goliath","True"
"Series","Gomorrah","Series\Gomorrah","True"
"Series","Good Behavior","Series\Good Behavior","True"
"Series","Good Girls","Series\Good Girls","True"
"Series","Good Omens","Series\Good Omens","True"
"Series","Gossip Girl","Series\Gossip Girl","True"
"Series","Gotham","Series\Gotham","True"
"Series","Grace and Frankie","Series\Grace and Frankie","True"
"Series","Gran Hotel","Series\Gran Hotel","True"
"Series","Greatest Events of WWII in Colour","Series\Greatest Events of WWII in Colour","True"
"Series","Green Wing","Series\Green Wing","True"
"Series","Grey's Anatomy","Series\Grey's Anatomy","True"
"Series","Grimm","Series\Grimm","True"
"Series","Griselda","Series\Griselda","True"
"Series","Guardian_ The Lonely and Great God","Series\Guardian_ The Lonely and Great God","True"
"Series","Guillermo del Toro's Cabinet of Curiosities","Series\Guillermo del Toro's Cabinet of Curiosities","True"
"Series","Gullak","Series\Gullak","True"
"Series","Hacks","Series\Hacks","True"
"Series","Halka","Series\Halka","True"
"Series","Halo","Series\Halo","True"
"Series","Halt and Catch Fire","Series\Halt and Catch Fire","True"
"Series","Hanna","Series\Hanna","True"
"Series","Hannah Montana","Series\Hannah Montana","True"
"Series","Hannibal","Series\Hannibal","True"
"Series","Happy Endings","Series\Happy Endings","True"
"Series","Happy Valley","Series\Happy Valley","True"
"Series","Happy!","Series\Happy!","True"
"Series","Harga","Series\Harga","True"
"Series","Hart of Dixie","Series\Hart of Dixie","True"
"Series","Hatfields & McCoys","Series\Hatfields & McCoys","True"
"Series","Haven","Series\Haven","True"
"Series","Hawaii Five-0","Series\Hawaii Five-0","True"
"Series","Hawkeye","Series\Hawkeye","True"
"Series","Healer","Series\Healer","True"
"Series","Heartland","Series\Heartland","True"
"Series","Heartstopper","Series\Heartstopper","True"
"Series","Heated Rivalry","Series\Heated Rivalry","True"
"Series","Heels","Series\Heels","True"
"Series","Helix","Series\Helix","True"
"Series","Hell on Wheels","Series\Hell on Wheels","True"
"Series","Hellbound","Series\Hellbound","True"
"Series","Hemlock Grove","Series\Hemlock Grove","True"
"Series","Hercules_ The Legendary Journeys","Series\Hercules_ The Legendary Journeys","True"
"Series","Heroes","Series\Heroes","True"
"Series","High Maintenance","Series\High Maintenance","True"
"Series","High Potential","Series\High Potential","True"
"Series","Hijack","Series\Hijack","True"
"Series","Hill Street Blues","Series\Hill Street Blues","True"
"Series","His & Hers","Series\His & Hers","True"
"Series","His Dark Materials","Series\His Dark Materials","True"
"Series","Hollywood","Series\Hollywood","True"
"Series","Home Improvement","Series\Home Improvement","True"
"Series","Homeland","Series\Homeland","True"
"Series","Hometown Cha-Cha-Cha","Series\Hometown Cha-Cha-Cha","True"
"Series","Homicide_ Life on the Street","Series\Homicide_ Life on the Street","True"
"Series","Horace and Pete","Series\Horace and Pete","True"
"Series","Hostel Daze","Series\Hostel Daze","True"
"Series","Hotel Del Luna","Series\Hotel Del Luna","True"
"Series","House","Series\House","True"
"Series","House of Cards","Series\House of Cards","True"
"Series","House of Cards (1990)","Series\House of Cards (1990)","True"
"Series","House of the Dragon","Series\House of the Dragon","True"
"Series","How I Met Your Mother","Series\How I Met Your Mother","True"
"Series","How to Get Away with Murder","Series\How to Get Away with Murder","True"
"Series","How to Sell Drugs Online (Fast)","Series\How to Sell Drugs Online (Fast)","True"
"Series","How to with John Wilson","Series\How to with John Wilson","True"
"Series","Human Planet","Series\Human Planet","True"
"Series","Humans","Series\Humans","True"
"Series","Hunters","Series\Hunters","True"
"Series","Hustle","Series\Hustle","True"
"Series","I Am Not Okay with This","Series\I Am Not Okay with This","True"
"Series","I Know This Much Is True","Series\I Know This Much Is True","True"
"Series","I Love Lucy","Series\I Love Lucy","True"
"Series","I May Destroy You","Series\I May Destroy You","True"
"Series","I Think You Should Leave with Tim Robinson","Series\I Think You Should Leave with Tim Robinson","True"
"Series","I Will Find You","Series\I Will Find You","True"
"Series","I, Claudius","Series\I, Claudius","True"
"Series","iCarly","Series\iCarly","True"
"Series","I'm Alan Partridge","Series\I'm Alan Partridge","True"
"Series","ImMATURE","Series\ImMATURE","True"
"Series","Impractical Jokers","Series\Impractical Jokers","True"
"Series","In Living Color","Series\In Living Color","True"
"Series","In Treatment","Series\In Treatment","True"
"Series","Indian Police Force","Series\Indian Police Force","True"
"Series","Inhumans","Series\Inhumans","True"
"Series","Insatiable","Series\Insatiable","True"
"Series","Insecure","Series\Insecure","True"
"Series","Inside Look_ The People v. O.J. Simpson - American Crime Story","Series\Inside Look_ The People v. O.J. Simpson - American Crime Story","True"
"Series","Inside Man","Series\Inside Man","True"
"Series","Inside No. 9","Series\Inside No. 9","True"
"Series","Insider","Series\Insider","True"
"Series","Inspector Lewis","Series\Inspector Lewis","True"
"Series","Inspector Morse","Series\Inspector Morse","True"
"Series","Interview with the Vampire","Series\Interview with the Vampire","True"
"Series","Into the Badlands","Series\Into the Badlands","True"
"Series","Into the Night","Series\Into the Night","True"
"Series","Invasion","Series\Invasion","True"
"Series","Inventing Anna","Series\Inventing Anna","True"
"Series","Iron Fist","Series\Iron Fist","True"
"Series","Ironheart","Series\Ironheart","True"
"Series","Isler Güçler","Series\Isler Güçler","True"
"Series","IT","Series\IT","True"
"Series","It_ Welcome to Derry","Series\It_ Welcome to Derry","True"
"Series","Itaewon Class","Series\Itaewon Class","True"
"Series","It's a Sin","Series\It's a Sin","True"
"Series","It's Always Sunny in Philadelphia","Series\It's Always Sunny in Philadelphia","True"
"Series","It's Okay to Not Be Okay","Series\It's Okay to Not Be Okay","True"
"Series","iZombie","Series\iZombie","True"
"Series","Jack Ryan","Series\Jack Ryan","True"
"Series","Jane Eyre","Series\Jane Eyre","True"
"Series","Jane the Virgin","Series\Jane the Virgin","True"
"Series","Jeen-yuhs_ A Kanye Trilogy","Series\Jeen-yuhs_ A Kanye Trilogy","True"
"Series","Jeeves and Wooster","Series\Jeeves and Wooster","True"
"Series","Jeffrey Epstein_ Filthy Rich","Series\Jeffrey Epstein_ Filthy Rich","True"
"Series","Jericho","Series\Jericho","True"
"Series","Jessica Jones","Series\Jessica Jones","True"
"Series","Jesus of Nazareth","Series\Jesus of Nazareth","True"
"Series","Joey","Series\Joey","True"
"Series","John Adams","Series\John Adams","True"
"Series","Jonathan Strange & Mr Norrell","Series\Jonathan Strange & Mr Norrell","True"
"Series","Julia","Series\Julia","True"
"Series","Julie and the Phantoms","Series\Julie and the Phantoms","True"
"Series","Jupiter's Legacy","Series\Jupiter's Legacy","True"
"Series","Jury Duty","Series\Jury Duty","True"
"Series","Jury Duty Presents","Series\Jury Duty Presents","True"
"Series","Justified","Series\Justified","True"
"Series","Kaleidoscope","Series\Kaleidoscope","True"
"Series","Kaos","Series\Kaos","True"
"Series","Kardes Payi","Series\Kardes Payi","True"
"Series","Karm Yuddh","Series\Karm Yuddh","True"
"Series","Keeping Up with the Kardashians","Series\Keeping Up with the Kardashians","True"
"Series","Key and Peele","Series\Key and Peele","True"
"Series","Khakee_ The Bihar Chapter","Series\Khakee_ The Bihar Chapter","True"
"Series","Kidding","Series\Kidding","True"
"Series","Killing Eve","Series\Killing Eve","True"
"Series","Kim's Convenience","Series\Kim's Convenience","True"
"Series","Kin","Series\Kin","True"
"Series","King the Land","Series\King the Land","True"
"Series","Kingdom","Series\Kingdom","True"
"Series","Kingdom (2019)","Series\Kingdom (2019)","True"
"Series","Knight Rider","Series\Knight Rider","True"
"Series","Koombiyo","Series\Koombiyo","True"
"Series","Kota Factory","Series\Kota Factory","True"
"Series","Kursadzije","Series\Kursadzije","True"
"Series","Kyle XY","Series\Kyle XY","True"
"Series","Kaala Paani","Series\Kaala Paani","True"
"Series","Landman","Series\Landman","True"
"Series","Lanterns","Series\Lanterns","True"
"Series","Las Vegas","Series\Las Vegas","True"
"Series","Last Man Standing","Series\Last Man Standing","True"
"Series","Last Week Tonight with John Oliver","Series\Last Week Tonight with John Oliver","True"
"Series","Late Night with Conan O'Brien","Series\Late Night with Conan O'Brien","True"
"Series","Law & Order","Series\Law & Order","True"
"Series","Law & Order_ Special Victims Unit","Series\Law & Order_ Special Victims Unit","True"
"Series","Law of the Lawless","Series\Law of the Lawless","True"
"Series","Leaving Neverland","Series\Leaving Neverland","True"
"Series","Legacies","Series\Legacies","True"
"Series","Legend of the Blue Sea","Series\Legend of the Blue Sea","True"
"Series","Legend of the Seeker","Series\Legend of the Seeker","True"
"Series","Legends of Tomorrow","Series\Legends of Tomorrow","True"
"Series","Legion","Series\Legion","True"
"Series","Lessons in Chemistry","Series\Lessons in Chemistry","True"
"Series","Lethal Weapon","Series\Lethal Weapon","True"
"Series","Letterkenny","Series\Letterkenny","True"
"Series","Leverage","Series\Leverage","True"
"Series","Leverage_ Redemption","Series\Leverage_ Redemption","True"
"Series","Leyla and Mecnun","Series\Leyla and Mecnun","True"
"Series","Lie to Me","Series\Lie to Me","True"
"Series","Life","Series\Life","True"
"Series","Life (2007)","Series\Life (2007)","True"
"Series","Life in Pieces","Series\Life in Pieces","True"
"Series","Life on Mars","Series\Life on Mars","True"
"Series","Lilyhammer","Series\Lilyhammer","True"
"Series","Limitless","Series\Limitless","True"
"Series","Line of Duty","Series\Line of Duty","True"
"Series","Lioness","Series\Lioness","True"
"Series","Little Dorrit","Series\Little Dorrit","True"
"Series","Little Fires Everywhere","Series\Little Fires Everywhere","True"
"Series","Little House on the Prairie","Series\Little House on the Prairie","True"
"Series","Living with Yourself","Series\Living with Yourself","True"
"Series","Locke & Key","Series\Locke & Key","True"
"Series","Locked Up","Series\Locked Up","True"
"Series","Loki","Series\Loki","True"
"Series","Lonesome Dove","Series\Lonesome Dove","True"
"Series","Long Way Round","Series\Long Way Round","True"
"Series","Longmire","Series\Longmire","True"
"Series","Looking","Series\Looking","True"
"Series","Looking for Alaska","Series\Looking for Alaska","True"
"Series","Lost","Series\Lost","True"
"Series","Lost Girl","Series\Lost Girl","True"
"Series","Lost in Space","Series\Lost in Space","True"
"Series","Louie","Series\Louie","True"
"Series","Love","Series\Love","True"
"Series","Love & Death","Series\Love & Death","True"
"Series","Love Doesn't Understand Words","Series\Love Doesn't Understand Words","True"
"Series","Love, Victor","Series\Love, Victor","True"
"Series","Lovecraft Country","Series\Lovecraft Country","True"
"Series","Lovesick","Series\Lovesick","True"
"Series","Lucifer","Series\Lucifer","True"
"Series","Lucky Guy","Series\Lucky Guy","True"
"Series","Luke Cage","Series\Luke Cage","True"
"Series","Lupin","Series\Lupin","True"
"Series","Luther","Series\Luther","True"
"Series","M_A_S_H","Series\M_A_S_H","True"
"Series","MacGyver","Series\MacGyver","True"
"Series","Mad Men","Series\Mad Men","True"
"Series","Made in Heaven","Series\Made in Heaven","True"
"Series","Maestro","Series\Maestro","True"
"Series","Magnum, P.I","Series\Magnum, P.I","True"
"Series","Mahabharat","Series\Mahabharat","True"
"Series","Mahabharat (1988)","Series\Mahabharat (1988)","True"
"Series","Maid","Series\Maid","True"
"Series","Making a Murderer","Series\Making a Murderer","True"
"Series","Malcolm in the Middle","Series\Malcolm in the Middle","True"
"Series","Man vs. Bee","Series\Man vs. Bee","True"
"Series","Man vs. Wild","Series\Man vs. Wild","True"
"Series","Manhunt","Series\Manhunt","True"
"Series","Maniac","Series\Maniac","True"
"Series","Manifest","Series\Manifest","True"
"Series","Marcella","Series\Marcella","True"
"Series","Marco Polo","Series\Marco Polo","True"
"Series","Mare of Easttown","Series\Mare of Easttown","True"
"Series","Married... with Children","Series\Married... with Children","True"
"Series","Master of None","Series\Master of None","True"
"Series","Masters of Sex","Series\Masters of Sex","True"
"Series","Masters of the Air","Series\Masters of the Air","True"
"Series","Masum","Series\Masum","True"
"Series","Mayor of Kingstown","Series\Mayor of Kingstown","True"
"Series","Medium","Series\Medium","True"
"Series","Merlí","Series\Merlí","True"
"Series","Merlin","Series\Merlin","True"
"Series","Messiah","Series\Messiah","True"
"Series","MI-5","Series\MI-5","True"
"Series","Miami Vice","Series\Miami Vice","True"
"Series","Midnight Mass","Series\Midnight Mass","True"
"Series","Midsomer Murders","Series\Midsomer Murders","True"
"Series","Millennium","Series\Millennium","True"
"Series","Millennium (1996)","Series\Millennium (1996)","True"
"Series","Mindhunter","Series\Mindhunter","True"
"Series","Miranda","Series\Miranda","True"
"Series","Mirzapur","Series\Mirzapur","True"
"Series","Misfits","Series\Misfits","True"
"Series","Miss Fisher's Murder Mysteries","Series\Miss Fisher's Murder Mysteries","True"
"Series","MobLand","Series\MobLand","True"
"Series","Modern Family","Series\Modern Family","True"
"Series","Modern Love","Series\Modern Love","True"
"Series","Mom","Series\Mom","True"
"Series","Monarch_ Legacy of Monsters","Series\Monarch_ Legacy of Monsters","True"
"Series","Money Heist","Series\Money Heist","True"
"Series","Monk","Series\Monk","True"
"Series","Monty Python's Flying Circus","Series\Monty Python's Flying Circus","True"
"Series","Moon Knight","Series\Moon Knight","True"
"Series","Moon Lovers_ Scarlet Heart Ryeo","Series\Moon Lovers_ Scarlet Heart Ryeo","True"
"Series","Mouse","Series\Mouse","True"
"Series","Move to Heaven","Series\Move to Heaven","True"
"Series","Moving","Series\Moving","True"
"Series","Mozart in the Jungle","Series\Mozart in the Jungle","True"
"Series","Mr Bates vs. The Post Office","Series\Mr Bates vs. The Post Office","True"
"Series","Mr Inbetween","Series\Mr Inbetween","True"
"Series","Mr. & Mrs. Smith","Series\Mr. & Mrs. Smith","True"
"Series","Mr. Bean","Series\Mr. Bean","True"
"Series","Mr. Mercedes","Series\Mr. Mercedes","True"
"Series","Mr. Queen","Series\Mr. Queen","True"
"Series","Mr. Robot","Series\Mr. Robot","True"
"Series","Mr. Show with Bob and David","Series\Mr. Show with Bob and David","True"
"Series","Mr. Sunshine","Series\Mr. Sunshine","True"
"Series","Ms. Marvel","Series\Ms. Marvel","True"
"Series","Mumbai Diaries","Series\Mumbai Diaries","True"
"Series","Murder in Mahim","Series\Murder in Mahim","True"
"Series","Murder, She Wrote","Series\Murder, She Wrote","True"
"Series","Murderbot","Series\Murderbot","True"
"Series","Murdoch Mysteries","Series\Murdoch Mysteries","True"
"Series","My Brilliant Friend","Series\My Brilliant Friend","True"
"Series","My Love from Another Star","Series\My Love from Another Star","True"
"Series","My Mad Fat Diary","Series\My Mad Fat Diary","True"
"Series","My Mister","Series\My Mister","True"
"Series","My Name","Series\My Name","True"
"Series","My Name Is Earl","Series\My Name Is Earl","True"
"Series","My So-Called Life","Series\My So-Called Life","True"
"Series","My Wife and Kids","Series\My Wife and Kids","True"
"Series","Mystery Science Theater 3000","Series\Mystery Science Theater 3000","True"
"Series","MythBusters","Series\MythBusters","True"
"Series","Mythic Quest","Series\Mythic Quest","True"
"Series","Narcos","Series\Narcos","True"
"Series","Narcos_ Mexico","Series\Narcos_ Mexico","True"
"Series","Nathan for You","Series\Nathan for You","True"
"Series","NCIS","Series\NCIS","True"
"Series","NCIS_ Los Angeles","Series\NCIS_ Los Angeles","True"
"Series","NCR Days","Series\NCR Days","True"
"Series","Never Have I Ever","Series\Never Have I Ever","True"
"Series","New Amsterdam","Series\New Amsterdam","True"
"Series","New Girl","Series\New Girl","True"
"Series","NewsRadio","Series\NewsRadio","True"
"Series","Night Stalker_ The Hunt for a Serial Killer","Series\Night Stalker_ The Hunt for a Serial Killer","True"
"Series","Nikita","Series\Nikita","True"
"Series","Nine Perfect Strangers","Series\Nine Perfect Strangers","True"
"Series","Nip_Tuck","Series\Nip_Tuck","True"
"Series","Nobody Wants This","Series\Nobody Wants This","True"
"Series","Normal People","Series\Normal People","True"
"Series","North & South","Series\North & South","True"
"Series","North & South_ Book 1, North & South","Series\North & South_ Book 1, North & South","True"
"Series","Northern Exposure","Series\Northern Exposure","True"
"Series","Not Me","Series\Not Me","True"
"Series","Numb3rs","Series\Numb3rs","True"
"Series","Nurse Jackie","Series\Nurse Jackie","True"
"Series","Obi-Wan Kenobi","Series\Obi-Wan Kenobi","True"
"Series","Off Campus","Series\Off Campus","True"
"Series","Olive Kitteridge","Series\Olive Kitteridge","True"
"Series","Once Upon a Time","Series\Once Upon a Time","True"
"Series","One Day","Series\One Day","True"
"Series","One Day at a Time","Series\One Day at a Time","True"
"Series","One Piece (2023)","Series\One Piece (2023)","True"
"Series","One Tree Hill","Series\One Tree Hill","True"
"Series","Only Fools and Horses","Series\Only Fools and Horses","True"
"Series","Only Murders in the Building","Series\Only Murders in the Building","True"
"Series","Operation MBBS","Series\Operation MBBS","True"
"Series","Orange Is the New Black","Series\Orange Is the New Black","True"
"Series","Orphan Black","Series\Orphan Black","True"
"Series","Our Beloved Summer","Series\Our Beloved Summer","True"
"Series","Our Flag Means Death","Series\Our Flag Means Death","True"
"Series","Our Planet","Series\Our Planet","True"
"Series","Outer Banks","Series\Outer Banks","True"
"Series","Outer Range","Series\Outer Range","True"
"Series","Outlander","Series\Outlander","True"
"Series","Outnumbered","Series\Outnumbered","True"
"Series","Oz","Series\Oz","True"
"Series","Ozark","Series\Ozark","True"
"Series","Pachinko","Series\Pachinko","True"
"Series","Pagan Peak","Series\Pagan Peak","True"
"Series","Painkiller","Series\Painkiller","True"
"Series","Pam & Tommy","Series\Pam & Tommy","True"
"Series","Panchayat","Series\Panchayat","True"
"Series","Paradise","Series\Paradise","True"
"Series","Paranormal","Series\Paranormal","True"
"Series","Parenthood","Series\Parenthood","True"
"Series","Parks and Recreation","Series\Parks and Recreation","True"
"Series","Party Down","Series\Party Down","True"
"Series","Patrick Melrose","Series\Patrick Melrose","True"
"Series","Patriot","Series\Patriot","True"
"Series","Peacemaker","Series\Peacemaker","True"
"Series","Peaky Blinders","Series\Peaky Blinders","True"
"Series","Peep Show","Series\Peep Show","True"
"Series","PEN15","Series\PEN15","True"
"Series","Penn & Teller_ Bullshit!","Series\Penn & Teller_ Bullshit!","True"
"Series","Penny Dreadful","Series\Penny Dreadful","True"
"Series","Percy Jackson and the Olympians","Series\Percy Jackson and the Olympians","True"
"Series","Permanent Roommates","Series\Permanent Roommates","True"
"Series","Perry Mason","Series\Perry Mason","True"
"Series","Person of Interest","Series\Person of Interest","True"
"Series","Persona","Series\Persona","True"
"Series","Pew News","Series\Pew News","True"
"Series","Pieces of Her","Series\Pieces of Her","True"
"Series","Planet Earth","Series\Planet Earth","True"
"Series","Planet Earth II","Series\Planet Earth II","True"
"Series","Please Like Me","Series\Please Like Me","True"
"Series","Pluribus","Series\Pluribus","True"
"Series","Poirot","Series\Poirot","True"
"Series","Poker Face","Series\Poker Face","True"
"Series","Poldark","Series\Poldark","True"
"Series","Police Squad!","Series\Police Squad!","True"
"Series","Pose","Series\Pose","True"
"Series","Power","Series\Power","True"
"Series","Power Book IV_ Force","Series\Power Book IV_ Force","True"
"Series","Preacher","Series\Preacher","True"
"Series","Prehistoric Planet","Series\Prehistoric Planet","True"
"Series","Presumed Innocent","Series\Presumed Innocent","True"
"Series","Pretty Little Liars","Series\Pretty Little Liars","True"
"Series","Pride and Prejudice","Series\Pride and Prejudice","True"
"Series","Prison Break","Series\Prison Break","True"
"Series","Private Practice","Series\Private Practice","True"
"Series","Psych","Series\Psych","True"
"Series","Pushing Daisies","Series\Pushing Daisies","True"
"Series","Paatal Lok","Series\Paatal Lok","True"
"Series","QI","Series\QI","True"
"Series","Quantico","Series\Quantico","True"
"Series","Quantum Leap","Series\Quantum Leap","True"
"Series","Quarry","Series\Quarry","True"
"Series","Queen Charlotte_ A Bridgerton Story","Series\Queen Charlotte_ A Bridgerton Story","True"
"Series","Queen Cleopatra","Series\Queen Cleopatra","True"
"Series","Queen of Tears","Series\Queen of Tears","True"
"Series","Queen of the South","Series\Queen of the South","True"
"Series","Queer as Folk","Series\Queer as Folk","True"
"Series","Queer Eye","Series\Queer Eye","True"
"Series","Ragnarok","Series\Ragnarok","True"
"Series","Raised by Wolves","Series\Raised by Wolves","True"
"Series","Raising Hope","Series\Raising Hope","True"
"Series","Ramayan","Series\Ramayan","True"
"Series","Ramy","Series\Ramy","True"
"Series","Ranneeti_ Balakot & Beyond","Series\Ranneeti_ Balakot & Beyond","True"
"Series","Ratched","Series\Ratched","True"
"Series","Ray Donovan","Series\Ray Donovan","True"
"Series","Reacher","Series\Reacher","True"
"Series","Rectify","Series\Rectify","True"
"Series","Red Dwarf","Series\Red Dwarf","True"
"Series","Reign","Series\Reign","True"
"Series","Reno 911!","Series\Reno 911!","True"
"Series","Reply 1988","Series\Reply 1988","True"
"Series","Rescue Me","Series\Rescue Me","True"
"Series","Reservation Dogs","Series\Reservation Dogs","True"
"Series","Resident Alien","Series\Resident Alien","True"
"Series","Resident Evil","Series\Resident Evil","True"
"Series","Resurrection_ Ertugrul","Series\Resurrection_ Ertugrul","True"
"Series","Revenge","Series\Revenge","True"
"Series","Revolution","Series\Revolution","True"
"Series","Ripley","Series\Ripley","True"
"Series","Ripper Street","Series\Ripper Street","True"
"Series","Rise of Empires_ Ottoman","Series\Rise of Empires_ Ottoman","True"
"Series","Rita","Series\Rita","True"
"Series","River","Series\River","True"
"Series","Riverdale","Series\Riverdale","True"
"Series","Rizzoli & Isles","Series\Rizzoli & Isles","True"
"Series","Rocket Boys","Series\Rocket Boys","True"
"Series","Rogue Heroes","Series\Rogue Heroes","True"
"Series","Rome","Series\Rome","True"
"Series","Roots","Series\Roots","True"
"Series","Roseanne","Series\Roseanne","True"
"Series","Roswell","Series\Roswell","True"
"Series","Rules of Engagement","Series\Rules of Engagement","True"
"Series","RuPaul's Drag Race","Series\RuPaul's Drag Race","True"
"Series","RuPaul's Drag Race All Stars","Series\RuPaul's Drag Race All Stars","True"
"Series","Rurouni Kenshin_ Trust and Betrayal","Series\Rurouni Kenshin_ Trust and Betrayal","True"
"Series","Russian Doll","Series\Russian Doll","True"
"Series","S.W.A.T","Series\S.W.A.T","True"
"Series","Sabrina the Teenage Witch","Series\Sabrina the Teenage Witch","True"
"Series","Sacred Games","Series\Sacred Games","True"
"Series","Safe","Series\Safe","True"
"Series","Salem's Lot","Series\Salem's Lot","True"
"Series","Sandeep Bhaiya","Series\Sandeep Bhaiya","True"
"Series","Santa Clarita Diet","Series\Santa Clarita Diet","True"
"Series","Sapne Vs Everyone","Series\Sapne Vs Everyone","True"
"Series","Sarabhai V_S Sarabhai","Series\Sarabhai V_S Sarabhai","True"
"Series","Saturday Night Live","Series\Saturday Night Live","True"
"Series","Saved by the Bell","Series\Saved by the Bell","True"
"Series","Scam 1992_ The Harshad Mehta Story","Series\Scam 1992_ The Harshad Mehta Story","True"
"Series","Scam 2003 - The Telgi Story","Series\Scam 2003 - The Telgi Story","True"
"Series","Scandal","Series\Scandal","True"
"Series","Scenes from a Marriage","Series\Scenes from a Marriage","True"
"Series","Scenes from a Marriage (2021)","Series\Scenes from a Marriage (2021)","True"
"Series","Schitt's Creek","Series\Schitt's Creek","True"
"Series","Scorpion","Series\Scorpion","True"
"Series","Scott & Bailey","Series\Scott & Bailey","True"
"Series","Scream Queens","Series\Scream Queens","True"
"Series","Scream_ The TV Series","Series\Scream_ The TV Series","True"
"Series","Scrubs","Series\Scrubs","True"
"Series","SEAL Team","Series\SEAL Team","True"
"Series","Secret Invasion","Series\Secret Invasion","True"
"Series","See","Series\See","True"
"Series","Seinfeld","Series\Seinfeld","True"
"Series","Sense & Sensibility","Series\Sense & Sensibility","True"
"Series","Sense8","Series\Sense8","True"
"Series","Servant","Series\Servant","True"
"Series","Sesame Street","Series\Sesame Street","True"
"Series","Severance","Series\Severance","True"
"Series","Sex and the City","Series\Sex and the City","True"
"Series","Sex Education","Series\Sex Education","True"
"Series","Sex_Life","Series\Sex_Life","True"
"Series","Shadow and Bone","Series\Shadow and Bone","True"
"Series","Shadowhunters","Series\Shadowhunters","True"
"Series","Shahrzad","Series\Shahrzad","True"
"Series","Shameless","Series\Shameless","True"
"Series","Shameless (2004)","Series\Shameless (2004)","True"
"Series","Sharp Objects","Series\Sharp Objects","True"
"Series","She Hulk_ Attorney at Law","Series\She Hulk_ Attorney at Law","True"
"Series","Shekhar Home","Series\Shekhar Home","True"
"Series","Sherlock","Series\Sherlock","True"
"Series","Shetland","Series\Shetland","True"
"Series","Shogun","Series\Shogun","True"
"Series","Shōgun","Series\Shōgun","True"
"Series","Shogun (1980)","Series\Shogun (1980)","True"
"Series","Shooter","Series\Shooter","True"
"Series","Shrinking","Series\Shrinking","True"
"Series","Silicon Valley","Series\Silicon Valley","True"
"Series","Silo","Series\Silo","True"
"Series","Sirens","Series\Sirens","True"
"Series","Six Feet Under","Series\Six Feet Under","True"
"Series","Sixer","Series\Sixer","True"
"Series","Skam","Series\Skam","True"
"Series","Skeleton Crew","Series\Skeleton Crew","True"
"Series","Skins","Series\Skins","True"
"Series","Sleepy Hollow","Series\Sleepy Hollow","True"
"Series","Slow Horses","Series\Slow Horses","True"
"Series","Smallville","Series\Smallville","True"
"Series","Sneaky Pete","Series\Sneaky Pete","True"
"Series","Snowdrop","Series\Snowdrop","True"
"Series","Snowfall","Series\Snowfall","True"
"Series","Snowpiercer","Series\Snowpiercer","True"
"Series","Somebody Somewhere","Series\Somebody Somewhere","True"
"Series","Something Very Bad Is Going to Happen","Series\Something Very Bad Is Going to Happen","True"
"Series","Sons of Anarchy","Series\Sons of Anarchy","True"
"Series","Southland","Series\Southland","True"
"Series","Space Force","Series\Space Force","True"
"Series","Spaced","Series\Spaced","True"
"Series","Spartacus","Series\Spartacus","True"
"Series","Spartacus_ Gods of the Arena","Series\Spartacus_ Gods of the Arena","True"
"Series","Special OPS","Series\Special OPS","True"
"Series","Special Ops 1.5_ The Himmat Story","Series\Special Ops 1.5_ The Himmat Story","True"
"Series","Spider-Noir","Series\Spider-Noir","True"
"Series","Spin City","Series\Spin City","True"
"Series","Squid Game","Series\Squid Game","True"
"Series","Staged","Series\Staged","True"
"Series","Star Trek","Series\Star Trek","True"
"Series","Star Trek_ Deep Space Nine","Series\Star Trek_ Deep Space Nine","True"
"Series","Star Trek_ Discovery","Series\Star Trek_ Discovery","True"
"Series","Star Trek_ Enterprise","Series\Star Trek_ Enterprise","True"
"Series","Star Trek_ Picard","Series\Star Trek_ Picard","True"
"Series","Star Trek_ Starfleet Academy","Series\Star Trek_ Starfleet Academy","True"
"Series","Star Trek_ Strange New Worlds","Series\Star Trek_ Strange New Worlds","True"
"Series","Star Trek_ The Next Generation","Series\Star Trek_ The Next Generation","True"
"Series","Star Trek_ Voyager","Series\Star Trek_ Voyager","True"
"Series","Stargate SG-1","Series\Stargate SG-1","True"
"Series","Stargate Universe","Series\Stargate Universe","True"
"Series","Stargate_ Atlantis","Series\Stargate_ Atlantis","True"
"Series","StartUp","Series\StartUp","True"
"Series","Start-Up","Series\Start-Up","True"
"Series","State of Play","Series\State of Play","True"
"Series","Station Eleven","Series\Station Eleven","True"
"Series","Stay Close","Series\Stay Close","True"
"Series","Stranger","Series\Stranger","True"
"Series","Stranger Things","Series\Stranger Things","True"
"Series","Strike Back","Series\Strike Back","True"
"Series","Strong Girl Bong-soon","Series\Strong Girl Bong-soon","True"
"Series","Studio 60 on the Sunset Strip","Series\Studio 60 on the Sunset Strip","True"
"Series","Suburgatory","Series\Suburgatory","True"
"Series","Succession","Series\Succession","True"
"Series","Sugar","Series\Sugar","True"
"Series","Suits","Series\Suits","True"
"Series","Summer Heights High","Series\Summer Heights High","True"
"Series","Supergirl","Series\Supergirl","True"
"Series","Superman & Lois","Series\Superman & Lois","True"
"Series","Supernatural","Series\Supernatural","True"
"Series","Superstore","Series\Superstore","True"
"Series","Sweet Home","Series\Sweet Home","True"
"Series","Sweet Tooth","Series\Sweet Tooth","True"
"Series","Taboo","Series\Taboo","True"
"Series","Tacoma FD","Series\Tacoma FD","True"
"Series","Tales from the Crypt","Series\Tales from the Crypt","True"
"Series","Tandav","Series\Tandav","True"
"Series","Tanaav","Series\Tanaav","True"
"Series","Tash ma Tash","Series\Tash ma Tash","True"
"Series","Task","Series\Task","True"
"Series","Taskmaster","Series\Taskmaster","True"
"Series","Ted","Series\Ted","True"
"Series","Ted Lasso","Series\Ted Lasso","True"
"Series","Teen Wolf","Series\Teen Wolf","True"
"Series","Tehran","Series\Tehran","True"
"Series","Terminator_ The Sarah Connor Chronicles","Series\Terminator_ The Sarah Connor Chronicles","True"
"Series","Terra Nova","Series\Terra Nova","True"
"Series","Terriers","Series\Terriers","True"
"Series","That '70s Show","Series\That '70s Show","True"
"Series","That '90s Show","Series\That '90s Show","True"
"Series","The 100","Series\The 100","True"
"Series","The 10th Kingdom","Series\The 10th Kingdom","True"
"Series","The 4400","Series\The 4400","True"
"Series","The Acolyte","Series\The Acolyte","True"
"Series","The Act","Series\The Act","True"
"Series","The Addams Family","Series\The Addams Family","True"
"Series","The Adventures of Pete & Pete","Series\The Adventures of Pete & Pete","True"
"Series","The Adventures of Sherlock Holmes","Series\The Adventures of Sherlock Holmes","True"
"Series","The Affair","Series\The Affair","True"
"Series","The Agency","Series\The Agency","True"
"Series","The Alienist","Series\The Alienist","True"
"Series","The Americans","Series\The Americans","True"
"Series","The Andy Griffith Show","Series\The Andy Griffith Show","True"
"Series","The Angry Video Game Nerd","Series\The Angry Video Game Nerd","True"
"Series","The Artful Dodger","Series\The Artful Dodger","True"
"Series","The A-Team","Series\The A-Team","True"
"Series","The Ba___ds of Bollywood","Series\The Ba___ds of Bollywood","True"
"Series","The Bear","Series\The Bear","True"
"Series","The Beast in Me","Series\The Beast in Me","True"
"Series","The Beatles_ Get Back","Series\The Beatles_ Get Back","True"
"Series","The Big Bang Theory","Series\The Big Bang Theory","True"
"Series","The Big C","Series\The Big C","True"
"Series","The Billion Dollar Code","Series\The Billion Dollar Code","True"
"Series","The Black Adder","Series\The Black Adder","True"
"Series","The Black Donnellys","Series\The Black Donnellys","True"
"Series","The Blacklist","Series\The Blacklist","True"
"Series","The Blue Planet","Series\The Blue Planet","True"
"Series","The Book of Boba Fett","Series\The Book of Boba Fett","True"
"Series","The Borgias","Series\The Borgias","True"
"Series","The Boroughs","Series\The Boroughs","True"
"Series","The Boys","Series\The Boys","True"
"Series","The Bridge","Series\The Bridge","True"
"Series","The Bureau","Series\The Bureau","True"
"Series","The Capture","Series\The Capture","True"
"Series","The Chestnut Man","Series\The Chestnut Man","True"
"Series","The Chosen","Series\The Chosen","True"
"Series","The Civil War","Series\The Civil War","True"
"Series","The Closer","Series\The Closer","True"
"Series","The Colbert Report","Series\The Colbert Report","True"
"Series","The Continental","Series\The Continental","True"
"Series","The Cosby Show","Series\The Cosby Show","True"
"Series","The Crowded Room","Series\The Crowded Room","True"
"Series","The Crown","Series\The Crown","True"
"Series","The Daily Show","Series\The Daily Show","True"
"Series","The Dark Crystal_ Age of Resistance","Series\The Dark Crystal_ Age of Resistance","True"
"Series","The Day of the Jackal","Series\The Day of the Jackal","True"
"Series","The Defenders","Series\The Defenders","True"
"Series","The Defiant Ones","Series\The Defiant Ones","True"
"Series","The Deuce","Series\The Deuce","True"
"Series","The Devil's Hour","Series\The Devil's Hour","True"
"Series","The Dick Van Dyke Show","Series\The Dick Van Dyke Show","True"
"Series","The Diplomat","Series\The Diplomat","True"
"Series","The Dropout","Series\The Dropout","True"
"Series","The Durrells","Series\The Durrells","True"
"Series","The End of the F___ing World","Series\The End of the F___ing World","True"
"Series","The English","Series\The English","True"
"Series","The Eric Andre Show","Series\The Eric Andre Show","True"
"Series","The Eternaut","Series\The Eternaut","True"
"Series","The Exorcist","Series\The Exorcist","True"
"Series","The Expanse","Series\The Expanse","True"
"Series","The Falcon and the Winter Soldier","Series\The Falcon and the Winter Soldier","True"
"Series","The Fall","Series\The Fall","True"
"Series","The Fall of the House of Usher","Series\The Fall of the House of Usher","True"
"Series","The Family Man","Series\The Family Man","True"
"Series","The Filthy Frank Show","Series\The Filthy Frank Show","True"
"Series","The Flash","Series\The Flash","True"
"Series","The Flight Attendant","Series\The Flight Attendant","True"
"Series","The Following","Series\The Following","True"
"Series","The Fosters","Series\The Fosters","True"
"Series","The Four Seasons","Series\The Four Seasons","True"
"Series","The Fresh Prince of Bel-Air","Series\The Fresh Prince of Bel-Air","True"
"Series","The Frog","Series\The Frog","True"
"Series","The Gentlemen","Series\The Gentlemen","True"
"Series","The Get Down","Series\The Get Down","True"
"Series","The Gifted","Series\The Gifted","True"
"Series","The Gilded Age","Series\The Gilded Age","True"
"Series","The Glory","Series\The Glory","True"
"Series","The Goldbergs","Series\The Goldbergs","True"
"Series","The Golden Girls","Series\The Golden Girls","True"
"Series","The Good Doctor","Series\The Good Doctor","True"
"Series","The Good Fight","Series\The Good Fight","True"
"Series","The Good Place","Series\The Good Place","True"
"Series","The Good Wife","Series\The Good Wife","True"
"Series","The Graham Norton Show","Series\The Graham Norton Show","True"
"Series","The Grand Tour","Series\The Grand Tour","True"
"Series","The Great","Series\The Great","True"
"Series","The Great British Baking Show","Series\The Great British Baking Show","True"
"Series","The Great Indian Kapil Show","Series\The Great Indian Kapil Show","True"
"Series","The Great Weddings of Munnes","Series\The Great Weddings of Munnes","True"
"Series","The Guild","Series\The Guild","True"
"Series","The Handmaid's Tale","Series\The Handmaid's Tale","True"
"Series","The Haunting of Bly Manor","Series\The Haunting of Bly Manor","True"
"Series","The Haunting of Hill House","Series\The Haunting of Hill House","True"
"Series","The Heroes","Series\The Heroes","True"
"Series","The Hitch Hiker's Guide to the Galaxy","Series\The Hitch Hiker's Guide to the Galaxy","True"
"Series","The Hour","Series\The Hour","True"
"Series","The Idol","Series\The Idol","True"
"Series","The Inbetweeners","Series\The Inbetweeners","True"
"Series","The Innocent","Series\The Innocent","True"
"Series","The IT Crowd","Series\The IT Crowd","True"
"Series","The Jinx_ The Life and Deaths of Robert Durst","Series\The Jinx_ The Life and Deaths of Robert Durst","True"
"Series","The Keepers","Series\The Keepers","True"
"Series","The Kids in the Hall","Series\The Kids in the Hall","True"
"Series","The Killing","Series\The Killing","True"
"Series","The Killing (2011)","Series\The Killing (2011)","True"
"Series","The King of Queens","Series\The King of Queens","True"
"Series","The King_ Eternal Monarch","Series\The King_ Eternal Monarch","True"
"Series","The Kingdom","Series\The Kingdom","True"
"Series","The Knick","Series\The Knick","True"
"Series","The Kominsky Method","Series\The Kominsky Method","True"
"Series","The L Word","Series\The L Word","True"
"Series","The Langoliers","Series\The Langoliers","True"
"Series","The Last Dance","Series\The Last Dance","True"
"Series","The Last Kingdom","Series\The Last Kingdom","True"
"Series","The Last Man on Earth","Series\The Last Man on Earth","True"
"Series","The Last of Us","Series\The Last of Us","True"
"Series","The Last Ship","Series\The Last Ship","True"
"Series","The Late Late Show with Craig Ferguson","Series\The Late Late Show with Craig Ferguson","True"
"Series","The League","Series\The League","True"
"Series","The League of Gentlemen","Series\The League of Gentlemen","True"
"Series","The Leftovers","Series\The Leftovers","True"
"Series","The Lincoln Lawyer","Series\The Lincoln Lawyer","True"
"Series","The Looming Tower","Series\The Looming Tower","True"
"Series","The Lord of the Rings_ The Rings of Power","Series\The Lord of the Rings_ The Rings of Power","True"
"Series","The Lost Room","Series\The Lost Room","True"
"Series","The Magicians","Series\The Magicians","True"
"Series","The Man in the High Castle","Series\The Man in the High Castle","True"
"Series","The Mandalorian","Series\The Mandalorian","True"
"Series","The Marvelous Mrs. Maisel","Series\The Marvelous Mrs. Maisel","True"
"Series","The Mary Tyler Moore Show","Series\The Mary Tyler Moore Show","True"
"Series","The Mechanism","Series\The Mechanism","True"
"Series","The Mentalist","Series\The Mentalist","True"
"Series","The Middle","Series\The Middle","True"
"Series","The Midnight Club","Series\The Midnight Club","True"
"Series","The Mighty Boosh","Series\The Mighty Boosh","True"
"Series","The Mindy Project","Series\The Mindy Project","True"
"Series","The Missing","Series\The Missing","True"
"Series","The Morning Show","Series\The Morning Show","True"
"Series","The Muppet Show","Series\The Muppet Show","True"
"Series","The Nanny","Series\The Nanny","True"
"Series","The New Pope","Series\The New Pope","True"
"Series","The Newsroom","Series\The Newsroom","True"
"Series","The Night Agent","Series\The Night Agent","True"
"Series","The Night Manager","Series\The Night Manager","True"
"Series","The Night Of","Series\The Night Of","True"
"Series","The O.C","Series\The O.C","True"
"Series","The OA","Series\The OA","True"
"Series","The Offer","Series\The Offer","True"
"Series","The Office","Series\The Office","True"
"Series","The Office (2001)","Series\The Office (2001)","True"
"Series","The Old Man","Series\The Old Man","True"
"Series","The Order","Series\The Order","True"
"Series","The Originals","Series\The Originals","True"
"Series","The Orville","Series\The Orville","True"
"Series","The Outsider","Series\The Outsider","True"
"Series","The Pacific","Series\The Pacific","True"
"Series","The Patient","Series\The Patient","True"
"Series","The Penguin","Series\The Penguin","True"
"Series","The Perfect Couple","Series\The Perfect Couple","True"
"Series","The Peripheral","Series\The Peripheral","True"
"Series","The Pillars of the Earth","Series\The Pillars of the Earth","True"
"Series","The Pitt","Series\The Pitt","True"
"Series","The Prisoner","Series\The Prisoner","True"
"Series","The Protector","Series\The Protector","True"
"Series","The Punisher","Series\The Punisher","True"
"Series","The Queen's Gambit","Series\The Queen's Gambit","True"
"Series","The Railway Men","Series\The Railway Men","True"
"Series","The Rain","Series\The Rain","True"
"Series","The Ranch","Series\The Ranch","True"
"Series","The Recruit","Series\The Recruit","True"
"Series","The Rehearsal","Series\The Rehearsal","True"
"Series","The Residence","Series\The Residence","True"
"Series","The Resident","Series\The Resident","True"
"Series","The Return of Sherlock Holmes","Series\The Return of Sherlock Holmes","True"
"Series","The Returned","Series\The Returned","True"
"Series","The Righteous Gemstones","Series\The Righteous Gemstones","True"
"Series","The Rockford Files","Series\The Rockford Files","True"
"Series","The Rookie","Series\The Rookie","True"
"Series","The Sandman","Series\The Sandman","True"
"Series","The Secret Circle","Series\The Secret Circle","True"
"Series","The Serpent","Series\The Serpent","True"
"Series","The Sex Lives of College Girls","Series\The Sex Lives of College Girls","True"
"Series","The Shannara Chronicles","Series\The Shannara Chronicles","True"
"Series","The Shield","Series\The Shield","True"
"Series","The Sinner","Series\The Sinner","True"
"Series","The Society","Series\The Society","True"
"Series","The Sopranos","Series\The Sopranos","True"
"Series","The Spy","Series\The Spy","True"
"Series","The Staircase","Series\The Staircase","True"
"Series","The Stand","Series\The Stand","True"
"Series","The Strain","Series\The Strain","True"
"Series","The Stranger","Series\The Stranger","True"
"Series","The Studio","Series\The Studio","True"
"Series","The Suite Life of Zack & Cody","Series\The Suite Life of Zack & Cody","True"
"Series","The Summer I Turned Pretty","Series\The Summer I Turned Pretty","True"
"Series","The Tattooist of Auschwitz","Series\The Tattooist of Auschwitz","True"
"Series","The Terminal List","Series\The Terminal List","True"
"Series","The Terminal List_ Dark Wolf","Series\The Terminal List_ Dark Wolf","True"
"Series","The Terror","Series\The Terror","True"
"Series","The Thick of It","Series\The Thick of It","True"
"Series","The Tomorrow People","Series\The Tomorrow People","True"
"Series","The Tourist","Series\The Tourist","True"
"Series","The Trials of Gabriel Fernandez","Series\The Trials of Gabriel Fernandez","True"
"Series","The Tudors","Series\The Tudors","True"
"Series","The Twilight Zone","Series\The Twilight Zone","True"
"Series","The Umbrella Academy","Series\The Umbrella Academy","True"
"Series","The Uncanny Counter","Series\The Uncanny Counter","True"
"Series","The Undoing","Series\The Undoing","True"
"Series","The Unit","Series\The Unit","True"
"Series","The Untamed","Series\The Untamed","True"
"Series","The Valley of the Wolves","Series\The Valley of the Wolves","True"
"Series","The Vampire Diaries","Series\The Vampire Diaries","True"
"Series","The Vicar of Dibley","Series\The Vicar of Dibley","True"
"Series","The Vietnam War","Series\The Vietnam War","True"
"Series","The Walking Dead","Series\The Walking Dead","True"
"Series","The Walking Dead_ Daryl Dixon","Series\The Walking Dead_ Daryl Dixon","True"
"Series","The Walking Dead_ Dead City","Series\The Walking Dead_ Dead City","True"
"Series","The Walking Dead_ The Ones Who Live","Series\The Walking Dead_ The Ones Who Live","True"
"Series","The Watcher","Series\The Watcher","True"
"Series","The West Wing","Series\The West Wing","True"
"Series","The Wheel of Time","Series\The Wheel of Time","True"
"Series","The White Lotus","Series\The White Lotus","True"
"Series","The White Queen","Series\The White Queen","True"
"Series","The Wire","Series\The Wire","True"
"Series","The Witcher","Series\The Witcher","True"
"Series","The Witcher_ Blood Origin","Series\The Witcher_ Blood Origin","True"
"Series","The Woman in the House Across the Street from the Girl in the Window","Series\The Woman in the House Across the Street from the Girl in the Window","True"
"Series","The Wonder Years","Series\The Wonder Years","True"
"Series","The World at War","Series\The World at War","True"
"Series","The X-Files","Series\The X-Files","True"
"Series","The Young Ones","Series\The Young Ones","True"
"Series","The Young Pope","Series\The Young Pope","True"
"Series","Them","Series\Them","True"
"Series","Third Watch","Series\Third Watch","True"
"Series","This Is England '86","Series\This Is England '86","True"
"Series","This Is England '88","Series\This Is England '88","True"
"Series","This Is Going to Hurt","Series\This Is Going to Hurt","True"
"Series","This Is Us","Series\This Is Us","True"
"Series","Through the Wormhole","Series\Through the Wormhole","True"
"Series","Tiger King","Series\Tiger King","True"
"Series","Time","Series\Time","True"
"Series","Timeless","Series\Timeless","True"
"Series","Titans","Series\Titans","True"
"Series","Toast of London","Series\Toast of London","True"
"Series","Tokyo Vice","Series\Tokyo Vice","True"
"Series","Tom Clancy's Jack Ryan","Series\Tom Clancy's Jack Ryan","True"
"Series","Tomorrow","Series\Tomorrow","True"
"Series","Top Boy","Series\Top Boy","True"
"Series","Top Gear","Series\Top Gear","True"
"Series","Top Gear (1978)","Series\Top Gear (1978)","True"
"Series","Top of the Lake","Series\Top of the Lake","True"
"Series","Torchwood","Series\Torchwood","True"
"Series","Tracker","Series\Tracker","True"
"Series","Trailer Park Boys","Series\Trailer Park Boys","True"
"Series","Trapped","Series\Trapped","True"
"Series","Travelers","Series\Travelers","True"
"Series","Tree of Life","Series\Tree of Life","True"
"Series","Treme","Series\Treme","True"
"Series","True Beauty","Series\True Beauty","True"
"Series","True Blood","Series\True Blood","True"
"Series","True Detective","Series\True Detective","True"
"Series","Trying","Series\Trying","True"
"Series","Tulsa King","Series\Tulsa King","True"
"Series","TURN_ Washington's Spies","Series\TURN_ Washington's Spies","True"
"Series","TVF Pitchers","Series\TVF Pitchers","True"
"Series","TVF Tripling","Series\TVF Tripling","True"
"Series","Twenty Five Twenty One","Series\Twenty Five Twenty One","True"
"Series","Twin Peaks","Series\Twin Peaks","True"
"Series","Twin Peaks (2017)","Series\Twin Peaks (2017)","True"
"Series","Twisted Metal","Series\Twisted Metal","True"
"Series","Two and a Half Men","Series\Two and a Half Men","True"
"Series","Taarak Mehta Ka Ooltah Chashmah","Series\Taarak Mehta Ka Ooltah Chashmah","True"
"Series","Taaza Khabar","Series\Taaza Khabar","True"
"Series","Ugly Betty","Series\Ugly Betty","True"
"Series","Umbre","Series\Umbre","True"
"Series","Unbelievable","Series\Unbelievable","True"
"Series","Unbreakable Kimmy Schmidt","Series\Unbreakable Kimmy Schmidt","True"
"Series","Undekhi","Series\Undekhi","True"
"Series","Under the Banner of Heaven","Series\Under the Banner of Heaven","True"
"Series","Under the Dome","Series\Under the Dome","True"
"Series","Undercover","Series\Undercover","True"
"Series","Unforgotten","Series\Unforgotten","True"
"Series","United States of Tara","Series\United States of Tara","True"
"Series","Unorthodox","Series\Unorthodox","True"
"Series","Untamed","Series\Untamed","True"
"Series","Upload","Series\Upload","True"
"Series","Utopia","Series\Utopia","True"
"Series","V","Series\V","True"
"Series","Vagabond","Series\Vagabond","True"
"Series","Veep","Series\Veep","True"
"Series","Vera","Series\Vera","True"
"Series","Veronica Mars","Series\Veronica Mars","True"
"Series","Very Parivarik","Series\Very Parivarik","True"
"Series","Vice Principals","Series\Vice Principals","True"
"Series","Vicious","Series\Vicious","True"
"Series","Victoria","Series\Victoria","True"
"Series","Victorious","Series\Victorious","True"
"Series","Vigil","Series\Vigil","True"
"Series","Vikings","Series\Vikings","True"
"Series","Vikings_ Valhalla","Series\Vikings_ Valhalla","True"
"Series","Vincenzo","Series\Vincenzo","True"
"Series","Virgin River","Series\Virgin River","True"
"Series","Vis a vis","Series\Vis a vis","True"
"Series","W","Series\W","True"
"Series","WandaVision","Series\WandaVision","True"
"Series","War & Peace","Series\War & Peace","True"
"Series","Warehouse 13","Series\Warehouse 13","True"
"Series","Warrior","Series\Warrior","True"
"Series","Warrior Nun","Series\Warrior Nun","True"
"Series","Watchmen","Series\Watchmen","True"
"Series","Wayne","Series\Wayne","True"
"Series","Wayward","Series\Wayward","True"
"Series","Wayward Pines","Series\Wayward Pines","True"
"Series","We Own This City","Series\We Own This City","True"
"Series","Wednesday","Series\Wednesday","True"
"Series","Weeds","Series\Weeds","True"
"Series","Weightlifting Fairy Kim Bok-Joo","Series\Weightlifting Fairy Kim Bok-Joo","True"
"Series","Welcome to Wrexham","Series\Welcome to Wrexham","True"
"Series","Wentworth","Series\Wentworth","True"
"Series","Westworld","Series\Westworld","True"
"Series","What We Do in the Shadows","Series\What We Do in the Shadows","True"
"Series","What's Wrong with Secretary Kim","Series\What's Wrong with Secretary Kim","True"
"Series","When Life Gives You Tangerines","Series\When Life Gives You Tangerines","True"
"Series","When the Phone Rings","Series\When the Phone Rings","True"
"Series","When They See Us","Series\When They See Us","True"
"Series","While You Were Sleeping","Series\While You Were Sleeping","True"
"Series","White Collar","Series\White Collar","True"
"Series","Who Is America_","Series\Who Is America_","True"
"Series","Whose Line Is It Anyway_","Series\Whose Line Is It Anyway_","True"
"Series","Why Women Kill","Series\Why Women Kill","True"
"Series","Widow's Bay","Series\Widow's Bay","True"
"Series","Wild Wild Country","Series\Wild Wild Country","True"
"Series","Wilfred","Series\Wilfred","True"
"Series","Will & Grace","Series\Will & Grace","True"
"Series","Willow","Series\Willow","True"
"Series","Winning Time_ The Rise of the Lakers Dynasty","Series\Winning Time_ The Rise of the Lakers Dynasty","True"
"Series","Wizards of Waverly Place","Series\Wizards of Waverly Place","True"
"Series","WKRP in Cincinnati","Series\WKRP in Cincinnati","True"
"Series","Wolf Hall","Series\Wolf Hall","True"
"Series","Wonder Man","Series\Wonder Man","True"
"Series","Wonderfalls","Series\Wonderfalls","True"
"Series","Workaholics","Series\Workaholics","True"
"Series","Wu-Tang_ An American Saga","Series\Wu-Tang_ An American Saga","True"
"Series","Xena_ Warrior Princess","Series\Xena_ Warrior Princess","True"
"Series","Years and Years","Series\Years and Years","True"
"Series","Yeh Meri Family","Series\Yeh Meri Family","True"
"Series","Yellowjackets","Series\Yellowjackets","True"
"Series","Yellowstone","Series\Yellowstone","True"
"Series","Yes Minister","Series\Yes Minister","True"
"Series","Yes, Prime Minister","Series\Yes, Prime Minister","True"
"Series","You","Series\You","True"
"Series","Young Rock","Series\Young Rock","True"
"Series","Young Royals","Series\Young Royals","True"
"Series","Young Sheldon","Series\Young Sheldon","True"
"Series","Young Sherlock","Series\Young Sherlock","True"
"Series","Younger","Series\Younger","True"
"Series","Your Friends & Neighbors","Series\Your Friends & Neighbors","True"
"Series","Your Honor","Series\Your Honor","True"
"Series","You're the Worst","Series\You're the Worst","True"
"Series","Z Nation","Series\Z Nation","True"
"Series","Zero Day","Series\Zero Day","True"
"Series","ZeroZeroZero","Series\ZeroZeroZero","True"
"Series","Zoey's Extraordinary Playlist","Series\Zoey's Extraordinary Playlist","True"
"Series","Aashram","Series\Aashram","True"
